{"version":"5.1.316","config":{"title":"51027f4a-364f-43eb-b889-356da6ee33ec","description":"Made with Sketchpad - https://sketch.io/sketchpad","metadata":{},"clipPath":{"enabled":true,"style":{"strokeStyle":"black","lineWidth":1}},"exportDPI":72,"exportFormat":"png","exportQuality":0.95,"units":"px","width":1245,"height":587,"pages":{"length":1,"data":[{"width":1245,"height":587}]}},"resources":[{"id":10466,"type":["font"],"key":"chewy","title":"Chewy","value":{"normal 400":{"ttf":"https://asset.paintserver.com/90b1339b9cf81ecef9991d293584a812.ttf","woff":"https://asset.paintserver.com/623ce167e9da6c819d2f199f5939b236.woff","style":"normal","woff2":"https://asset.paintserver.com/0b5da8a6ce3aa06379e607b793bcf01b.woff2","weight":"400"}},"preview":{"normal 400":{"url":"https://asset.paintserver.com/chewy-regular.png","width":170,"height":80}},"variants":["normal 400"],"author":[{"bio":null,"name":"Sideshow","email":"c","filename":["Chewy-Regular.ttf"],"imageUrl":null,"copyright":"Copyright 2010 by Font Diner, Inc DBA Sideshow. All rights reserved."}],"defaultVariant":"normal 400"}],"layers":[{"bbox":{"x":0,"y":0,"width":1245,"height":587,"rotation":0,"padding":0,"scale":{"x":1,"y":1},"units":"userSpaceOnUse"},"id":"cada5556-724a-48b4-a92d-6a03e9610b5e","idx":0,"name":"background","seed":246435957,"type":"rectangle","clampToDoc":true,"selectable":false,"stickTo":"back","stretchTo":"edge","fill":{"type":"color","method":"fill","blend":"normal","enabled":true,"opacity":1,"color":"#ffffff"}},{"data":[{"cmd":"M","x":1,"y":0},{"cmd":"L","x":1,"y":286},{"cmd":"L","x":0,"y":408},{"cmd":"L","x":808,"y":406},{"cmd":"L","x":1035,"y":409},{"cmd":"L","x":1034,"y":95}],"pathHash":659869718,"iteration":1,"bbox":{"x":99,"y":81,"width":1037,"height":411,"rotation":0,"padding":1,"scale":{"x":1,"y":1},"units":"userSpaceOnUse"},"id":"e5ca8537-fa93-4ed0-b673-ff464c45b4a2","idx":1,"pointerId":"you_65617","seed":1,"type":"polyline","fill":{"type":"gradient","method":"fill","blend":"normal","enabled":false,"opacity":0,"gradient":{"type":"linearGradient","noise":0,"spreadMethod":"pad","stops":[{"color":"#b5bdc8","offset":0},{"color":"#6e7881","offset":0.5},{"color":"#28343b","offset":1}],"x0":0,"y0":0.5,"x1":1,"y1":0.5}},"stroke":{"type":"color","method":"stroke","blend":"normal","enabled":true,"opacity":1,"lineDash":"none","lineDashOffset":0,"lineCap":"round","lineJoin":"miter","lineWidth":1,"miterLimit":4,"alignment":"center","color":"#000000"},"highRes":false},{"data":[{"cmd":"M","x":0,"y":2},{"cmd":"L","x":756,"y":0},{"cmd":"L","x":1119,"y":1}],"pathHash":3763585179,"iteration":1,"bbox":{"x":99,"y":83,"width":1121,"height":4,"rotation":0,"padding":1,"scale":{"x":1,"y":1},"units":"userSpaceOnUse"},"id":"f210a946-aa51-4cd1-a134-52a3289bef57","idx":2,"pointerId":"you_65632","seed":1,"type":"polyline","fill":{"type":"gradient","method":"fill","blend":"normal","enabled":false,"opacity":0,"gradient":{"type":"linearGradient","noise":0,"spreadMethod":"pad","stops":[{"color":"#b5bdc8","offset":0},{"color":"#6e7881","offset":0.5},{"color":"#28343b","offset":1}],"x0":0,"y0":0.5,"x1":1,"y1":0.5}},"stroke":{"type":"color","method":"stroke","blend":"normal","enabled":true,"opacity":1,"lineDash":"none","lineDashOffset":0,"lineCap":"round","lineJoin":"miter","lineWidth":1,"miterLimit":4,"alignment":"center","color":"#000000"}},{"data":[{"cmd":"M","x":1,"y":140},{"cmd":"L","x":0.03,"y":0.03}],"pathHash":1577278528,"iteration":1,"bbox":{"x":1131,"y":38,"width":3,"height":142,"rotation":0,"padding":1,"scale":{"x":1,"y":1},"units":"userSpaceOnUse"},"id":"e44346cb-c40d-4352-aec8-9e2a97f4f64b","idx":3,"pointerId":"you_65636","seed":1,"type":"polyline","fill":{"type":"gradient","method":"fill","blend":"normal","enabled":false,"opacity":0,"gradient":{"type":"linearGradient","noise":0,"spreadMethod":"pad","stops":[{"color":"#b5bdc8","offset":0},{"color":"#6e7881","offset":0.5},{"color":"#28343b","offset":1}],"x0":0,"y0":0.5,"x1":1,"y1":0.5}},"stroke":{"type":"color","method":"stroke","blend":"normal","enabled":true,"opacity":1,"lineDash":"none","lineDashOffset":0,"lineCap":"round","lineJoin":"miter","lineWidth":1,"miterLimit":4,"alignment":"center","color":"#000000"}},{"data":[{"cmd":"M","x":0,"y":0},{"cmd":"L","x":6.029999999999999,"y":469.03}],"pathHash":4223740361,"iteration":1,"bbox":{"x":666,"y":65,"width":8,"height":471,"rotation":0,"padding":1,"scale":{"x":1,"y":1},"units":"userSpaceOnUse"},"id":"b228b7c9-8728-441e-b81c-15ff53bc0aab","idx":4,"pointerId":"you_65638","seed":1,"type":"polyline","fill":{"type":"gradient","method":"fill","blend":"normal","enabled":false,"opacity":0,"gradient":{"type":"linearGradient","noise":0,"spreadMethod":"pad","stops":[{"color":"#b5bdc8","offset":0},{"color":"#6e7881","offset":0.5},{"color":"#28343b","offset":1}],"x0":0,"y0":0.5,"x1":1,"y1":0.5}},"stroke":{"type":"color","method":"stroke","blend":"normal","enabled":true,"opacity":1,"lineDash":"none","lineDashOffset":0,"lineCap":"round","lineJoin":"miter","lineWidth":1,"miterLimit":4,"alignment":"center","color":"#000000"}},{"cutout":0,"roundness":0,"bbox":{"x":99,"y":85,"width":560.1489868164062,"height":89.69499206542969,"rotation":0,"padding":0,"scale":{"x":1,"y":1},"units":"userSpaceOnUse"},"id":"70ad8a36-ac1e-417f-a716-b8792d5ce4a9","idx":5,"pointerId":"you_65657","seed":1986147130,"type":"rectangle","fill":{"type":"gradient","method":"fill","blend":"normal","enabled":true,"opacity":1,"gradient":{"type":"linearGradient","noise":0,"spreadMethod":"pad","stops":[{"color":"#b5bdc8","offset":0},{"color":"#6e7881","offset":0.5},{"color":"#28343b","offset":1}],"x0":0,"y0":0.5,"x1":1,"y1":0.5}},"stroke":{"type":"color","method":"stroke","blend":"normal","enabled":true,"opacity":1,"lineDash":"none","lineDashOffset":0,"lineCap":"round","lineJoin":"miter","lineWidth":2,"miterLimit":4,"alignment":"center","color":"#000000"}},{"content":"UIS","fitText":true,"fontFamily":"chewy","fontSize":87.875,"fontStyle":"normal","fontVariant":"normal","fontWeight":"normal","letterSpacing":0,"lineHeight":1,"textAlign":"center","textDecoration":"none","textTransform":"none","whiteSpace":"pre-wrap","wordSpacing":0,"bbox":{"x":203,"y":90,"width":323.3333333333333,"height":100,"rotation":0,"padding":0,"scale":{"x":1,"y":1},"units":"userSpaceOnUse"},"blend":"normal","id":"28aed8ea-9870-4ec1-89c8-cc60ba733282","idx":6,"pointerId":"you_65659","seed":2018308978,"type":"fancyText","fill":{"type":"color","method":"fill","blend":"normal","enabled":true,"opacity":1,"color":"#000000"},"stroke":{"type":"color","method":"stroke","blend":"normal","enabled":false,"opacity":1,"lineDash":"none","lineDashOffset":0,"lineCap":"round","lineJoin":"miter","lineWidth":1,"miterLimit":4,"alignment":"center","color":"#ff0000"}},{"cutout":0,"roundness":0,"bbox":{"x":554,"y":157,"width":42.9219970703125,"height":20.042999267578125,"rotation":0,"padding":0,"scale":{"x":1,"y":1},"units":"userSpaceOnUse"},"id":"44ee9e42-f59a-450d-8239-23069380f99e","idx":7,"pointerId":"you_65670","seed":611895905,"type":"rectangle","fill":{"type":"gradient","method":"fill","blend":"normal","enabled":true,"opacity":1,"gradient":{"type":"linearGradient","noise":0,"spreadMethod":"pad","stops":[{"color":"#b5bdc8","offset":0},{"color":"#6e7881","offset":0.5},{"color":"#28343b","offset":1}],"x0":0,"y0":0.5,"x1":1,"y1":0.5}},"stroke":{"type":"color","method":"stroke","blend":"normal","enabled":true,"opacity":1,"lineDash":"none","lineDashOffset":0,"lineCap":"round","lineJoin":"miter","lineWidth":2,"miterLimit":4,"alignment":"center","color":"#000000"}},{"cutout":0,"roundness":0,"bbox":{"x":606.3359985351562,"y":158.156005859375,"width":42.2969970703125,"height":18.589996337890625,"rotation":0,"padding":0,"scale":{"x":1,"y":1},"units":"userSpaceOnUse"},"id":"a17bbcb2-9d5f-48a2-b046-ff437a813dfe","idx":8,"pointerId":"you_65671","seed":1536575659,"type":"rectangle","fill":{"type":"gradient","method":"fill","blend":"normal","enabled":true,"opacity":1,"gradient":{"type":"linearGradient","noise":0,"spreadMethod":"pad","stops":[{"color":"#b5bdc8","offset":0},{"color":"#6e7881","offset":0.5},{"color":"#28343b","offset":1}],"x0":0,"y0":0.5,"x1":1,"y1":0.5}},"stroke":{"type":"color","method":"stroke","blend":"normal","enabled":true,"opacity":1,"lineDash":"none","lineDashOffset":0,"lineCap":"round","lineJoin":"miter","lineWidth":2,"miterLimit":4,"alignment":"center","color":"#000000"}},{"content":"Account","fitText":true,"fontFamily":"chewy","fontSize":10,"fontStyle":"normal","fontVariant":"normal","fontWeight":"normal","letterSpacing":0,"lineHeight":1,"textAlign":"center","textDecoration":"none","textTransform":"none","whiteSpace":"pre-wrap","wordSpacing":0,"bbox":{"x":558,"y":162,"width":34.73037237649423,"height":18.45884620503718,"rotation":0,"padding":0,"scale":{"x":1,"y":1},"units":"userSpaceOnUse"},"blend":"normal","id":"c24baf49-09d3-4a23-9e1e-6468c6ab3b19","idx":9,"pointerId":"you_65673","seed":786379999,"type":"fancyText","fill":{"type":"color","method":"fill","blend":"normal","enabled":true,"opacity":1,"color":"#000000"},"stroke":{"type":"color","method":"stroke","blend":"normal","enabled":false,"opacity":1,"lineDash":"none","lineDashOffset":0,"lineCap":"round","lineJoin":"miter","lineWidth":1,"miterLimit":4,"alignment":"center","color":"#ff0000"}},{"content":"Logout","fitText":true,"fontFamily":"chewy","fontSize":13,"fontStyle":"normal","fontVariant":"normal","fontWeight":"normal","letterSpacing":0,"lineHeight":1,"textAlign":"center","textDecoration":"none","textTransform":"none","whiteSpace":"pre-wrap","wordSpacing":0,"bbox":{"x":610,"y":161,"width":38.32428179593342,"height":19.42725281387748,"rotation":0,"padding":0,"scale":{"x":1,"y":1},"units":"userSpaceOnUse"},"blend":"normal","id":"9eba10a1-ccf2-47a8-b129-253d342746af","idx":10,"pointerId":"you_65677","seed":1988353034,"type":"fancyText","fill":{"type":"color","method":"fill","blend":"normal","enabled":true,"opacity":1,"color":"#000000"},"stroke":{"type":"color","method":"stroke","blend":"normal","enabled":false,"opacity":1,"lineDash":"none","lineDashOffset":0,"lineCap":"round","lineJoin":"miter","lineWidth":1,"miterLimit":4,"alignment":"center","color":"#ff0000"}},{"content":"Player Enter Workout Screen (Logged In) (Menu Toggled)","fitText":true,"fontFamily":"chewy","fontSize":29.875,"fontStyle":"normal","fontVariant":"normal","fontWeight":"normal","letterSpacing":0,"lineHeight":1,"textAlign":"center","textDecoration":"none","textTransform":"none","whiteSpace":"pre-wrap","wordSpacing":0,"bbox":{"x":125.53558077454291,"y":15,"width":524.5464652820663,"height":62.25588387622325,"rotation":0,"padding":0,"scale":{"x":1,"y":1},"units":"userSpaceOnUse"},"blend":"normal","id":"b098d036-f01f-4147-842d-6f6aceee4b79","idx":11,"pointerId":"you_65914","seed":2013654552,"type":"fancyText","fill":{"type":"color","method":"fill","blend":"normal","enabled":true,"opacity":1,"color":"#000000"},"stroke":{"type":"color","method":"stroke","blend":"normal","enabled":false,"opacity":1,"lineDash":"none","lineDashOffset":0,"lineCap":"round","lineJoin":"miter","lineWidth":1,"miterLimit":4,"alignment":"center","color":"#ff0000"},"highRes":false},{"cutout":0,"roundness":0,"bbox":{"x":99,"y":85,"width":82.364013671875,"height":403.50001525878906,"rotation":0,"padding":0,"scale":{"x":1,"y":1},"units":"userSpaceOnUse"},"id":"eef7a600-6e93-4581-8bd5-dac10d8daff6","idx":12,"pointerId":"you_65940","seed":708369074,"type":"rectangle","fill":{"type":"gradient","method":"fill","blend":"normal","enabled":true,"opacity":1,"gradient":{"type":"linearGradient","noise":0,"spreadMethod":"pad","stops":[{"color":"#b5bdc8","offset":0},{"color":"#6e7881","offset":0.5},{"color":"#28343b","offset":1}],"x0":0,"y0":0.5,"x1":1,"y1":0.5}},"stroke":{"type":"color","method":"stroke","blend":"normal","enabled":true,"opacity":1,"lineDash":"none","lineDashOffset":0,"lineCap":"round","lineJoin":"miter","lineWidth":2,"miterLimit":4,"alignment":"center","color":"#000000"}},{"cutout":0,"bbox":{"x":157,"y":105,"width":20.156298820395822,"height":20.156298820395822,"rotation":-1.0896636918573543,"padding":0,"scale":{"x":1,"y":1},"units":"userSpaceOnUse"},"id":"8bf8965a-c0c4-4d44-8ca6-44e9cb3f05a0","idx":13,"pointerId":"you_65943","seed":2006902466,"type":"triangle","fill":{"type":"color","method":"fill","blend":"normal","enabled":true,"opacity":1,"color":"#ed0909"},"stroke":{"type":"color","method":"stroke","blend":"normal","enabled":true,"opacity":1,"lineDash":"none","lineDashOffset":0,"lineCap":"round","lineJoin":"miter","lineWidth":2,"miterLimit":4,"alignment":"center","color":"#000000"}},{"cutout":0,"roundness":0,"bbox":{"x":105,"y":171,"width":70.7030029296875,"height":30.32000732421875,"rotation":0,"padding":0,"scale":{"x":1,"y":1},"units":"userSpaceOnUse"},"id":"bc8b5f06-fa2b-4b12-b931-0e77c49c83f4","idx":14,"pointerId":"you_65953","seed":1803130308,"type":"rectangle","fill":{"type":"color","method":"fill","blend":"normal","enabled":true,"opacity":1,"color":"#cef28f"},"stroke":{"type":"color","method":"stroke","blend":"normal","enabled":true,"opacity":1,"lineDash":"none","lineDashOffset":0,"lineCap":"round","lineJoin":"miter","lineWidth":2,"miterLimit":4,"alignment":"center","color":"#000000"}},{"cutout":0,"roundness":0,"bbox":{"x":132.25799560546875,"y":187.46499633789062,"width":1,"height":1,"rotation":0,"padding":0,"scale":{"x":1,"y":1},"units":"userSpaceOnUse"},"id":"0530f0df-8817-4e65-8aff-1d231b1bfbea","idx":15,"pointerId":"you_65957","seed":430709333,"type":"rectangle","fill":{"type":"color","method":"fill","blend":"normal","enabled":true,"opacity":1,"color":"#cef28f"},"stroke":{"type":"color","method":"stroke","blend":"normal","enabled":true,"opacity":1,"lineDash":"none","lineDashOffset":0,"lineCap":"round","lineJoin":"miter","lineWidth":2,"miterLimit":4,"alignment":"center","color":"#000000"}},{"cutout":0,"roundness":0,"bbox":{"x":109.61300659179688,"y":212.42999267578125,"width":65.05499267578125,"height":30.99200439453125,"rotation":0,"padding":0,"scale":{"x":1,"y":1},"units":"userSpaceOnUse"},"id":"f451249f-edd8-49c8-b7ef-131545c89ee6","idx":16,"pointerId":"you_65964","seed":2090196399,"type":"rectangle","fill":{"type":"color","method":"fill","blend":"normal","enabled":true,"opacity":1,"color":"#cef28f"},"stroke":{"type":"color","method":"stroke","blend":"normal","enabled":true,"opacity":1,"lineDash":"none","lineDashOffset":0,"lineCap":"round","lineJoin":"miter","lineWidth":2,"miterLimit":4,"alignment":"center","color":"#000000"}},{"cutout":0,"roundness":0,"bbox":{"x":109.52700805664062,"y":257.7850036621094,"width":66.5159912109375,"height":32.82000732421875,"rotation":0,"padding":0,"scale":{"x":1,"y":1},"units":"userSpaceOnUse"},"id":"03e1f125-f258-4211-8fd0-d73832bf024c","idx":17,"pointerId":"you_65965","seed":19750996,"type":"rectangle","fill":{"type":"color","method":"fill","blend":"normal","enabled":true,"opacity":1,"color":"#cef28f"},"stroke":{"type":"color","method":"stroke","blend":"normal","enabled":true,"opacity":1,"lineDash":"none","lineDashOffset":0,"lineCap":"round","lineJoin":"miter","lineWidth":2,"miterLimit":4,"alignment":"center","color":"#000000"}},{"content":"Home","fitText":true,"fontFamily":"chewy","fontSize":23.875,"fontStyle":"normal","fontVariant":"normal","fontWeight":"normal","letterSpacing":0,"lineHeight":1,"textAlign":"center","textDecoration":"none","textTransform":"none","whiteSpace":"pre-wrap","wordSpacing":0,"bbox":{"x":115,"y":175,"width":50.16368666291329,"height":31.114272795085423,"rotation":0,"padding":0,"scale":{"x":1,"y":1},"units":"userSpaceOnUse"},"blend":"normal","id":"fc10c92c-dfa5-490d-8525-f7c5e3f2f344","idx":18,"pointerId":"you_65983","seed":1435880304,"type":"fancyText","fill":{"type":"color","method":"fill","blend":"normal","enabled":true,"opacity":1,"color":"#000000"},"stroke":{"type":"color","method":"stroke","blend":"normal","enabled":false,"opacity":1,"lineDash":"none","lineDashOffset":0,"lineCap":"round","lineJoin":"miter","lineWidth":1,"miterLimit":4,"alignment":"center","color":"#ff0000"}},{"content":"Goals","fitText":true,"fontFamily":"chewy","fontSize":22.875,"fontStyle":"normal","fontVariant":"normal","fontWeight":"normal","letterSpacing":0,"lineHeight":1,"textAlign":"center","textDecoration":"none","textTransform":"none","whiteSpace":"pre-wrap","wordSpacing":0,"bbox":{"x":88,"y":218,"width":108.04409064902853,"height":25.65582245343321,"rotation":0,"padding":0,"scale":{"x":1,"y":1},"units":"userSpaceOnUse"},"blend":"normal","id":"155ae3ea-fe1a-418e-a808-d9a1f4bf17e1","idx":19,"pointerId":"you_65987","seed":183532035,"type":"fancyText","fill":{"type":"color","method":"fill","blend":"normal","enabled":true,"opacity":1,"color":"#000000"},"stroke":{"type":"color","method":"stroke","blend":"normal","enabled":false,"opacity":1,"lineDash":"none","lineDashOffset":0,"lineCap":"round","lineJoin":"miter","lineWidth":1,"miterLimit":4,"alignment":"center","color":"#ff0000"}},{"content":"Enter Workout","fitText":true,"fontFamily":"chewy","fontSize":10.875,"fontStyle":"normal","fontVariant":"normal","fontWeight":"normal","letterSpacing":0,"lineHeight":1,"textAlign":"center","textDecoration":"none","textTransform":"none","whiteSpace":"pre-wrap","wordSpacing":0,"bbox":{"x":110,"y":269,"width":62.50948805854091,"height":18.135823024220674,"rotation":0,"padding":0,"scale":{"x":1,"y":1},"units":"userSpaceOnUse"},"blend":"normal","id":"db4d5667-a6a6-4595-b4f3-d6f76b6d8025","idx":20,"pointerId":"you_65992","seed":249677346,"type":"fancyText","fill":{"type":"color","method":"fill","blend":"normal","enabled":true,"opacity":1,"color":"#000000"},"stroke":{"type":"color","method":"stroke","blend":"normal","enabled":false,"opacity":1,"lineDash":"none","lineDashOffset":0,"lineCap":"round","lineJoin":"miter","lineWidth":1,"miterLimit":4,"alignment":"center","color":"#ff0000"}},{"cutout":0,"roundness":0,"bbox":{"x":105.93735319574934,"y":301.97698974609375,"width":57.246002197265625,"height":25.378021240234375,"rotation":0,"padding":0,"scale":{"x":1.2189872729739353,"y":1.2189872729739353},"units":"userSpaceOnUse"},"id":"143241b0-9e7d-424b-ba4f-b2db5bfa7e46","idx":21,"pointerId":"you_66011","seed":2096006037,"type":"rectangle","fill":{"type":"color","method":"fill","blend":"normal","enabled":true,"opacity":1,"color":"#cef28f"},"stroke":{"type":"color","method":"stroke","blend":"normal","enabled":true,"opacity":1,"lineDash":"none","lineDashOffset":0,"lineCap":"round","lineJoin":"miter","lineWidth":2,"miterLimit":4,"alignment":"center","color":"#000000"}},{"cutout":0,"roundness":0,"bbox":{"x":762.9219970703125,"y":314.6990051269531,"width":1,"height":1,"rotation":0,"padding":0,"scale":{"x":1,"y":1},"units":"userSpaceOnUse"},"id":"03e75a06-2f4a-4081-b5ff-1592a81042f0","idx":22,"pointerId":"you_66015","seed":541941844,"type":"rectangle","fill":{"type":"color","method":"fill","blend":"normal","enabled":true,"opacity":1,"color":"#cef28f"},"stroke":{"type":"color","method":"stroke","blend":"normal","enabled":true,"opacity":1,"lineDash":"none","lineDashOffset":0,"lineCap":"round","lineJoin":"miter","lineWidth":2,"miterLimit":4,"alignment":"center","color":"#000000"}},{"content":"Team","fitText":true,"fontFamily":"chewy","fontSize":21.875,"fontStyle":"normal","fontVariant":"normal","fontWeight":"normal","letterSpacing":0,"lineHeight":1,"textAlign":"center","textDecoration":"none","textTransform":"none","whiteSpace":"pre-wrap","wordSpacing":0,"bbox":{"x":98,"y":308,"width":79.66815140361923,"height":24.26586566499074,"rotation":0,"padding":0,"scale":{"x":1,"y":1},"units":"userSpaceOnUse"},"blend":"normal","id":"5440f789-cbc0-4412-837e-793a3312025d","idx":23,"pointerId":"you_66028","seed":1213715944,"type":"fancyText","fill":{"type":"color","method":"fill","blend":"normal","enabled":true,"opacity":1,"color":"#000000"},"stroke":{"type":"color","method":"stroke","blend":"normal","enabled":false,"opacity":1,"lineDash":"none","lineDashOffset":0,"lineCap":"round","lineJoin":"miter","lineWidth":1,"miterLimit":4,"alignment":"center","color":"#ff0000"}},{"content":"Catagory:","fitText":true,"fontFamily":"chewy","fontSize":30.875,"fontStyle":"normal","fontVariant":"normal","fontWeight":"normal","letterSpacing":0,"lineHeight":1,"textAlign":"center","textDecoration":"none","textTransform":"none","whiteSpace":"pre-wrap","wordSpacing":0,"bbox":{"x":228,"y":210,"width":175.3869619479971,"height":35.1752094912079,"rotation":0,"padding":0,"scale":{"x":1,"y":1},"units":"userSpaceOnUse"},"blend":"normal","id":"0f9ff8a0-1ff7-4288-84a8-ec82c138583a","idx":24,"pointerId":"you_66408","seed":1224030476,"type":"fancyText","fill":{"type":"color","method":"fill","blend":"normal","enabled":true,"opacity":1,"color":"#000000"},"highRes":false},{"cutout":0,"roundness":0,"bbox":{"x":379,"y":209,"width":142.1409912109375,"height":34.46099853515625,"rotation":0,"padding":0,"scale":{"x":1,"y":1},"units":"userSpaceOnUse"},"id":"9e6c14c7-7137-40f9-baa2-14b8fed97fba","idx":25,"pointerId":"you_66413","seed":172884414,"type":"rectangle","fill":{"type":"gradient","method":"fill","blend":"normal","enabled":true,"opacity":1,"gradient":{"type":"linearGradient","noise":0,"spreadMethod":"pad","stops":[{"color":"#b5bdc8","offset":0},{"color":"#6e7881","offset":0.5},{"color":"#28343b","offset":1}],"x0":0,"y0":0.5,"x1":1,"y1":0.5}},"stroke":{"type":"color","method":"stroke","blend":"normal","enabled":true,"opacity":1,"lineDash":"none","lineDashOffset":0,"lineCap":"round","lineJoin":"miter","lineWidth":2,"miterLimit":4,"alignment":"center","color":"#63e1ff"},"highRes":false},{"content":"Dropdown","fitText":true,"fontFamily":"chewy","fontSize":24,"fontStyle":"normal","fontVariant":"normal","fontWeight":"normal","letterSpacing":0,"lineHeight":1,"textAlign":"center","textDecoration":"none","textTransform":"none","whiteSpace":"pre-wrap","wordSpacing":0,"bbox":{"x":388,"y":214,"width":113.36188775185434,"height":27.68472293017441,"rotation":0,"padding":0,"scale":{"x":1,"y":1},"units":"userSpaceOnUse"},"blend":"normal","id":"cea3d0ff-beff-4301-834d-5e1694794fd6","idx":26,"pointerId":"you_66418","seed":2021182171,"type":"fancyText","fill":{"type":"color","method":"fill","blend":"normal","enabled":true,"opacity":1,"color":"#000000"},"highRes":false},{"content":"Amount:","fitText":true,"fontFamily":"chewy","fontSize":47.875,"fontStyle":"normal","fontVariant":"normal","fontWeight":"normal","letterSpacing":0,"lineHeight":1,"textAlign":"center","textDecoration":"none","textTransform":"none","whiteSpace":"pre-wrap","wordSpacing":0,"bbox":{"x":203,"y":301,"width":204.70276663764793,"height":54.15297663123884,"rotation":0,"padding":0,"scale":{"x":1,"y":1},"units":"userSpaceOnUse"},"blend":"normal","id":"27ee4130-b812-4ed3-87ed-929e7c484384","idx":27,"pointerId":"you_66426","seed":107163189,"type":"fancyText","fill":{"type":"color","method":"fill","blend":"normal","enabled":true,"opacity":1,"color":"#000000"},"stroke":{"type":"color","method":"stroke","blend":"normal","enabled":false,"opacity":1,"lineDash":"none","lineDashOffset":0,"lineCap":"round","lineJoin":"miter","lineWidth":1,"miterLimit":4,"alignment":"center","color":"#ff0000"},"highRes":false},{"cutout":0,"roundness":0,"bbox":{"x":414,"y":294,"width":137.718994140625,"height":31.277008056640625,"rotation":0,"padding":0,"scale":{"x":1,"y":1},"units":"userSpaceOnUse"},"id":"29ecbeb0-6e81-4f16-8a6d-280076ed73fe","idx":28,"pointerId":"you_66440","seed":772353436,"type":"rectangle","fill":{"type":"gradient","method":"fill","blend":"normal","enabled":true,"opacity":1,"gradient":{"type":"linearGradient","noise":0,"spreadMethod":"pad","stops":[{"color":"#b5bdc8","offset":0},{"color":"#6e7881","offset":0.5},{"color":"#28343b","offset":1}],"x0":0,"y0":0.5,"x1":1,"y1":0.5}},"stroke":{"type":"color","method":"stroke","blend":"normal","enabled":true,"opacity":1,"lineDash":"none","lineDashOffset":0,"lineCap":"round","lineJoin":"miter","lineWidth":2,"miterLimit":4,"alignment":"center","color":"#63e1ff"},"highRes":false},{"cutout":0,"roundness":0,"bbox":{"x":413,"y":327,"width":134.55401611328125,"height":28.468994140625,"rotation":0,"padding":0,"scale":{"x":1.0286679928851044,"y":1},"units":"userSpaceOnUse"},"id":"be4c8610-2bb7-4582-a7ae-83e494965e47","idx":29,"pointerId":"you_66441","seed":959762213,"type":"rectangle","fill":{"type":"gradient","method":"fill","blend":"normal","enabled":true,"opacity":1,"gradient":{"type":"linearGradient","noise":0,"spreadMethod":"pad","stops":[{"color":"#b5bdc8","offset":0},{"color":"#6e7881","offset":0.5},{"color":"#28343b","offset":1}],"x0":0,"y0":0.5,"x1":1,"y1":0.5}},"stroke":{"type":"color","method":"stroke","blend":"normal","enabled":true,"opacity":1,"lineDash":"none","lineDashOffset":0,"lineCap":"round","lineJoin":"miter","lineWidth":2,"miterLimit":4,"alignment":"center","color":"#63e1ff"},"highRes":false},{"content":"Reps ","fitText":true,"fontFamily":"chewy","fontSize":21.875,"fontStyle":"normal","fontVariant":"normal","fontWeight":"normal","letterSpacing":0,"lineHeight":1,"textAlign":"center","textDecoration":"none","textTransform":"none","whiteSpace":"pre-wrap","wordSpacing":0,"bbox":{"x":420,"y":301,"width":125.56092081087843,"height":24.835200892994038,"rotation":0,"padding":0,"scale":{"x":1,"y":1},"units":"userSpaceOnUse"},"blend":"normal","id":"e486ae42-aae8-4af6-842f-a8767ff163cf","idx":30,"pointerId":"you_66446","seed":1448251922,"type":"fancyText","fill":{"type":"color","method":"fill","blend":"normal","enabled":true,"opacity":1,"color":"#000000"},"stroke":{"type":"color","method":"stroke","blend":"normal","enabled":false,"opacity":1,"lineDash":"none","lineDashOffset":0,"lineCap":"round","lineJoin":"miter","lineWidth":1,"miterLimit":4,"alignment":"center","color":"#ff0000"},"highRes":false},{"content":"Time","fitText":true,"fontFamily":"chewy","fontSize":28.875,"fontStyle":"normal","fontVariant":"normal","fontWeight":"normal","letterSpacing":0,"lineHeight":1,"textAlign":"center","textDecoration":"none","textTransform":"none","whiteSpace":"pre-wrap","wordSpacing":0,"bbox":{"x":403,"y":328,"width":132.5201510780412,"height":32.94404831072526,"rotation":0,"padding":0,"scale":{"x":1,"y":1},"units":"userSpaceOnUse"},"blend":"normal","id":"50b89f57-395b-4f5b-b807-738c8951488a","idx":31,"pointerId":"you_66450","seed":1247231637,"type":"fancyText","fill":{"type":"color","method":"fill","blend":"normal","enabled":true,"opacity":1,"color":"#000000"},"stroke":{"type":"color","method":"stroke","blend":"normal","enabled":false,"opacity":1,"lineDash":"none","lineDashOffset":0,"lineCap":"round","lineJoin":"miter","lineWidth":1,"miterLimit":4,"alignment":"center","color":"#ff0000"},"highRes":false},{"content":"Skill or Workout:","fitText":true,"fontFamily":"chewy","fontSize":29.875,"fontStyle":"normal","fontVariant":"normal","fontWeight":"normal","letterSpacing":0,"lineHeight":1,"textAlign":"center","textDecoration":"none","textTransform":"none","whiteSpace":"pre-wrap","wordSpacing":0,"bbox":{"x":218,"y":256,"width":196.2877380005738,"height":37.229653076455264,"rotation":0,"padding":0,"scale":{"x":1,"y":1},"units":"userSpaceOnUse"},"blend":"normal","id":"27f8621a-4795-49e4-9c8c-1cb489ecd0c6","idx":32,"pointerId":"you_66474","seed":1167062606,"type":"fancyText","fill":{"type":"color","method":"fill","blend":"normal","enabled":true,"opacity":1,"color":"#000000"},"stroke":{"type":"color","method":"stroke","blend":"normal","enabled":false,"opacity":1,"lineDash":"none","lineDashOffset":0,"lineCap":"round","lineJoin":"miter","lineWidth":1,"miterLimit":4,"alignment":"center","color":"#ff0000"},"highRes":false},{"cutout":0,"roundness":0,"bbox":{"x":426,"y":253,"width":131.90301513671875,"height":31.246002197265625,"rotation":0,"padding":0,"scale":{"x":1,"y":1},"units":"userSpaceOnUse"},"id":"22b72355-4f50-40d8-94ed-a5360356e11f","idx":33,"pointerId":"you_66482","seed":1142118719,"type":"rectangle","fill":{"type":"gradient","method":"fill","blend":"normal","enabled":true,"opacity":1,"gradient":{"type":"linearGradient","noise":0,"spreadMethod":"pad","stops":[{"color":"#b5bdc8","offset":0},{"color":"#6e7881","offset":0.5},{"color":"#28343b","offset":1}],"x0":0,"y0":0.5,"x1":1,"y1":0.5}},"stroke":{"type":"color","method":"stroke","blend":"normal","enabled":true,"opacity":1,"lineDash":"none","lineDashOffset":0,"lineCap":"round","lineJoin":"miter","lineWidth":2,"miterLimit":4,"alignment":"center","color":"#63e1ff"},"highRes":false},{"content":"Dropdown","fitText":true,"fontFamily":"chewy","fontSize":30.875,"fontStyle":"normal","fontVariant":"normal","fontWeight":"normal","letterSpacing":0,"lineHeight":1,"textAlign":"center","textDecoration":"none","textTransform":"none","whiteSpace":"pre-wrap","wordSpacing":0,"bbox":{"x":433,"y":253,"width":125.23986565395116,"height":39.732791050442835,"rotation":0,"padding":0,"scale":{"x":1,"y":1},"units":"userSpaceOnUse"},"blend":"normal","id":"fea9ad46-68e8-4ec6-9f2c-88bf76e789aa","idx":34,"pointerId":"you_66484","seed":348187105,"type":"fancyText","fill":{"type":"color","method":"fill","blend":"normal","enabled":true,"opacity":1,"color":"#000000"},"stroke":{"type":"color","method":"stroke","blend":"normal","enabled":false,"opacity":1,"lineDash":"none","lineDashOffset":0,"lineCap":"round","lineJoin":"miter","lineWidth":1,"miterLimit":4,"alignment":"center","color":"#ff0000"},"highRes":false},{"cutout":0,"roundness":0,"bbox":{"x":284,"y":383,"width":217.85601806640625,"height":59.613006591796875,"rotation":0,"padding":0,"scale":{"x":1,"y":1},"units":"userSpaceOnUse"},"id":"3b25de50-d95a-4f6e-bc16-e4baf9e574b4","idx":35,"pointerId":"you_66499","seed":1213817401,"type":"rectangle","fill":{"type":"gradient","method":"fill","blend":"normal","enabled":true,"opacity":1,"gradient":{"type":"linearGradient","noise":0,"spreadMethod":"pad","stops":[{"color":"#b5bdc8","offset":0},{"color":"#6e7881","offset":0.5},{"color":"#28343b","offset":1}],"x0":0,"y0":0.5,"x1":1,"y1":0.5}},"stroke":{"type":"color","method":"stroke","blend":"normal","enabled":true,"opacity":1,"lineDash":"none","lineDashOffset":0,"lineCap":"round","lineJoin":"miter","lineWidth":2,"miterLimit":4,"alignment":"center","color":"#63e1ff"},"highRes":false},{"content":"Submit Workout","fitText":true,"fontFamily":"chewy","fontSize":33,"fontStyle":"normal","fontVariant":"normal","fontWeight":"normal","letterSpacing":0,"lineHeight":1,"textAlign":"center","textDecoration":"none","textTransform":"none","whiteSpace":"pre-wrap","wordSpacing":0,"bbox":{"x":292,"y":389,"width":204.084096337472,"height":53.829687193839106,"rotation":0,"padding":0,"scale":{"x":1,"y":1},"units":"userSpaceOnUse"},"blend":"normal","id":"db5d36ab-6ee9-4209-98c3-5e3067181136","idx":36,"pointerId":"you_66501","seed":1932035408,"type":"fancyText","fill":{"type":"color","method":"fill","blend":"normal","enabled":true,"opacity":1,"color":"#000000"},"stroke":{"type":"color","method":"stroke","blend":"normal","enabled":false,"opacity":1,"lineDash":"none","lineDashOffset":0,"lineCap":"round","lineJoin":"miter","lineWidth":1,"miterLimit":4,"alignment":"center","color":"#ff0000"},"highRes":false}]}