{"version":"5.1.316","config":{"title":"c646fc77-21b3-4919-9223-21c7909ce725","description":"Made with Sketchpad - https://sketch.io/sketchpad","metadata":{},"clipPath":{"enabled":true,"style":{"strokeStyle":"black","lineWidth":1}},"exportDPI":72,"exportFormat":"png","exportQuality":0.95,"units":"px","width":1245,"height":587,"pages":{"length":1,"data":[{"width":1245,"height":587}]}},"resources":[{"id":10466,"type":["font"],"key":"chewy","title":"Chewy","value":{"normal 400":{"ttf":"https://asset.paintserver.com/90b1339b9cf81ecef9991d293584a812.ttf","woff":"https://asset.paintserver.com/623ce167e9da6c819d2f199f5939b236.woff","style":"normal","woff2":"https://asset.paintserver.com/0b5da8a6ce3aa06379e607b793bcf01b.woff2","weight":"400"}},"preview":{"normal 400":{"url":"https://asset.paintserver.com/chewy-regular.png","width":170,"height":80}},"variants":["normal 400"],"author":[{"bio":null,"name":"Sideshow","email":"c","filename":["Chewy-Regular.ttf"],"imageUrl":null,"copyright":"Copyright 2010 by Font Diner, Inc DBA Sideshow. All rights reserved."}],"defaultVariant":"normal 400"}],"layers":[{"bbox":{"x":0,"y":0,"width":1245,"height":587,"rotation":0,"padding":0,"scale":{"x":1,"y":1},"units":"userSpaceOnUse"},"id":"cd9687f9-fba4-408b-82c8-998d8ddc7c49","idx":0,"name":"background","seed":1513940524,"type":"rectangle","clampToDoc":true,"selectable":false,"stickTo":"back","stretchTo":"edge","fill":{"type":"color","method":"fill","blend":"normal","enabled":true,"opacity":1,"color":"#ffffff"}},{"cutout":0,"roundness":0,"bbox":{"x":193,"y":60,"width":165.78997802734375,"height":62.000003814697266,"rotation":0,"padding":0,"scale":{"x":1,"y":1},"units":"userSpaceOnUse"},"id":"52253896-e76a-4344-8d82-6535b9a340a7","idx":1,"pointerId":"you_66080","seed":1695295643,"type":"rectangle","fill":{"type":"color","method":"fill","blend":"normal","enabled":true,"opacity":1,"color":"#ffffff"},"stroke":{"type":"color","method":"stroke","blend":"normal","enabled":true,"opacity":1,"lineDash":"none","lineDashOffset":0,"lineCap":"round","lineJoin":"miter","lineWidth":2,"miterLimit":4,"alignment":"center","color":"#000000"}},{"content":"Login Screen","fitText":true,"fontFamily":"chewy","fontSize":25.875,"fontStyle":"normal","fontVariant":"normal","fontWeight":"normal","letterSpacing":0,"lineHeight":1,"textAlign":"center","textDecoration":"none","textTransform":"none","whiteSpace":"pre-wrap","wordSpacing":0,"bbox":{"x":210.31298828125,"y":81.28900146484375,"width":131.19020737090455,"height":40.95443891792917,"rotation":0,"padding":0,"scale":{"x":1,"y":1},"units":"userSpaceOnUse"},"blend":"normal","id":"c62edc6e-35cb-425c-a6ba-8487062a3bc6","idx":2,"pointerId":"you_66082","seed":1322893847,"type":"fancyText","fill":{"type":"color","method":"fill","blend":"normal","enabled":true,"opacity":1,"color":"#000000"},"stroke":{"type":"color","method":"stroke","blend":"normal","enabled":false,"opacity":1,"lineDash":"none","lineDashOffset":0,"lineCap":"round","lineJoin":"miter","lineWidth":1,"miterLimit":4,"alignment":"center","color":"#ff0000"}},{"cutout":0,"roundness":0,"bbox":{"x":527,"y":47,"width":162.051025390625,"height":54.612998962402344,"rotation":0,"padding":0,"scale":{"x":1,"y":1},"units":"userSpaceOnUse"},"id":"b8c35f35-0350-48b1-8cd7-f748c8169bca","idx":3,"pointerId":"you_66089","seed":1843440679,"type":"rectangle","fill":{"type":"color","method":"fill","blend":"normal","enabled":true,"opacity":1,"color":"#ffffff"},"stroke":{"type":"color","method":"stroke","blend":"normal","enabled":true,"opacity":1,"lineDash":"none","lineDashOffset":0,"lineCap":"round","lineJoin":"miter","lineWidth":2,"miterLimit":4,"alignment":"center","color":"#000000"}},{"content":"Create Account","fitText":true,"fontFamily":"chewy","fontSize":20,"fontStyle":"normal","fontVariant":"normal","fontWeight":"normal","letterSpacing":0,"lineHeight":1,"textAlign":"center","textDecoration":"none","textTransform":"none","whiteSpace":"pre-wrap","wordSpacing":0,"bbox":{"x":551.6329956054688,"y":61.77299499511719,"width":121.679222029967,"height":34.54565216092719,"rotation":0,"padding":0,"scale":{"x":1,"y":1},"units":"userSpaceOnUse"},"blend":"normal","id":"b6768cf2-d7c0-406d-a916-97ec0d2fbe02","idx":4,"pointerId":"you_66091","seed":816380101,"type":"fancyText","fill":{"type":"color","method":"fill","blend":"normal","enabled":true,"opacity":1,"color":"#000000"},"stroke":{"type":"color","method":"stroke","blend":"normal","enabled":false,"opacity":1,"lineDash":"none","lineDashOffset":0,"lineCap":"round","lineJoin":"miter","lineWidth":1,"miterLimit":4,"alignment":"center","color":"#ff0000"}},{"curved":false,"data":[{"cmd":"M","x":0,"y":0},{"cmd":"L","x":126,"y":0}],"pathHash":3543367873,"diameter":35,"iteration":1,"bbox":{"x":356,"y":61,"width":164.01,"height":38.010000000000005,"rotation":-0.15991312315821926,"padding":19,"scale":{"x":1,"y":1},"units":"userSpaceOnUse"},"id":"f3c486df-0185-4863-ae15-bf5e6098a261","idx":5,"pointerId":"you_66103","seed":1,"type":"arrow","fill":{"type":"gradient","method":"fill","blend":"normal","enabled":true,"opacity":0,"gradient":{"type":"linearGradient","noise":0,"spreadMethod":"pad","stops":[{"color":"#b5bdc8","offset":0},{"color":"#6e7881","offset":0.5},{"color":"#28343b","offset":1}],"x0":0,"y0":0.5,"x1":1,"y1":0.5}},"stroke":{"type":"color","method":"stroke","blend":"normal","enabled":true,"opacity":1,"lineDash":"none","lineDashOffset":0,"lineCap":"round","lineJoin":"miter","lineWidth":1,"miterLimit":4,"alignment":"center","color":"#000000"}},{"curved":false,"data":[{"cmd":"M","x":0,"y":0},{"cmd":"L","x":138,"y":0}],"pathHash":3235255086,"diameter":35,"iteration":1,"bbox":{"x":544,"y":139,"width":176.01,"height":38.00999999999999,"rotation":3.141592653589793,"padding":19,"scale":{"x":1,"y":1},"units":"userSpaceOnUse"},"id":"504df09c-f781-4736-b806-c082acefec38","idx":6,"pointerId":"you_66104","seed":162187813,"type":"arrow","fill":{"type":"gradient","method":"fill","blend":"normal","enabled":true,"opacity":0,"gradient":{"type":"linearGradient","noise":0,"spreadMethod":"pad","stops":[{"color":"#b5bdc8","offset":0},{"color":"#6e7881","offset":0.5},{"color":"#28343b","offset":1}],"x0":0,"y0":0.5,"x1":1,"y1":0.5}},"stroke":{"type":"color","method":"stroke","blend":"normal","enabled":true,"opacity":1,"lineDash":"none","lineDashOffset":0,"lineCap":"round","lineJoin":"miter","lineWidth":1,"miterLimit":4,"alignment":"center","color":"#000000"}},{"curved":false,"data":[{"cmd":"M","x":0,"y":0},{"cmd":"L","x":68,"y":0}],"pathHash":2137521882,"diameter":35,"iteration":1,"bbox":{"x":90,"y":1,"width":106.00999999999999,"height":38.010000000000005,"rotation":0.5028432109278609,"padding":19,"scale":{"x":1,"y":1},"units":"userSpaceOnUse"},"id":"3b435c7e-552b-42e2-a8c0-8e4c4af7d698","idx":7,"pointerId":"you_66105","seed":1968213480,"type":"arrow","fill":{"type":"gradient","method":"fill","blend":"normal","enabled":true,"opacity":0,"gradient":{"type":"linearGradient","noise":0,"spreadMethod":"pad","stops":[{"color":"#b5bdc8","offset":0},{"color":"#6e7881","offset":0.5},{"color":"#28343b","offset":1}],"x0":0,"y0":0.5,"x1":1,"y1":0.5}},"stroke":{"type":"color","method":"stroke","blend":"normal","enabled":true,"opacity":1,"lineDash":"none","lineDashOffset":0,"lineCap":"round","lineJoin":"miter","lineWidth":1,"miterLimit":4,"alignment":"center","color":"#000000"}},{"cutout":0,"roundness":0,"bbox":{"x":223,"y":241,"width":166.57403564453125,"height":74.64401245117188,"rotation":0,"padding":0,"scale":{"x":1,"y":1},"units":"userSpaceOnUse"},"id":"f75a8cd3-f5da-4452-9257-beff346384ca","idx":8,"pointerId":"you_66107","seed":241284131,"type":"rectangle","fill":{"type":"color","method":"fill","blend":"normal","enabled":true,"opacity":1,"color":"#ffffff"},"stroke":{"type":"color","method":"stroke","blend":"normal","enabled":true,"opacity":1,"lineDash":"none","lineDashOffset":0,"lineCap":"round","lineJoin":"miter","lineWidth":2,"miterLimit":4,"alignment":"center","color":"#000000"}},{"content":"Home Page","fitText":true,"fontFamily":"chewy","fontSize":32.875,"fontStyle":"normal","fontVariant":"normal","fontWeight":"normal","letterSpacing":0,"lineHeight":1,"textAlign":"center","textDecoration":"none","textTransform":"none","whiteSpace":"pre-wrap","wordSpacing":0,"bbox":{"x":235.61700439453125,"y":257.80499267578125,"width":140.73780208341793,"height":40.46318174011131,"rotation":0,"padding":0,"scale":{"x":1,"y":1},"units":"userSpaceOnUse"},"blend":"normal","id":"1c3d6783-dfb7-4706-abcc-a42c2f566538","idx":9,"pointerId":"you_66109","seed":1509192261,"type":"fancyText","fill":{"type":"color","method":"fill","blend":"normal","enabled":true,"opacity":1,"color":"#000000"},"stroke":{"type":"color","method":"stroke","blend":"normal","enabled":false,"opacity":1,"lineDash":"none","lineDashOffset":0,"lineCap":"round","lineJoin":"miter","lineWidth":1,"miterLimit":4,"alignment":"center","color":"#ff0000"}},{"cutout":0,"roundness":0,"bbox":{"x":196.64801025390625,"y":186.26998901367188,"width":679.2930297851562,"height":294.6319885253906,"rotation":0,"padding":0,"scale":{"x":1,"y":1},"units":"userSpaceOnUse"},"id":"d09ffc55-bd02-48fd-a0a4-ae88b1f8c5a7","idx":10,"pointerId":"you_66117","seed":536186634,"type":"rectangle","fill":{"type":"color","method":"fill","blend":"normal","enabled":true,"opacity":1,"color":"#ffffff"},"stroke":{"type":"color","method":"stroke","blend":"normal","enabled":true,"opacity":1,"lineDash":"none","lineDashOffset":0,"lineCap":"round","lineJoin":"miter","lineWidth":2,"miterLimit":4,"alignment":"center","color":"#000000"}},{"cutout":0,"roundness":0,"bbox":{"x":219.2659912109375,"y":206.80499267578125,"width":126.10498046875,"height":65.46101379394531,"rotation":0,"padding":0,"scale":{"x":1,"y":1},"units":"userSpaceOnUse"},"id":"9c25282b-bd3e-4726-9c64-3c12d3291a8a","idx":11,"pointerId":"you_66126","seed":1510898201,"type":"rectangle","fill":{"type":"color","method":"fill","blend":"normal","enabled":true,"opacity":1,"color":"#ffffff"},"stroke":{"type":"color","method":"stroke","blend":"normal","enabled":true,"opacity":1,"lineDash":"none","lineDashOffset":0,"lineCap":"round","lineJoin":"miter","lineWidth":2,"miterLimit":4,"alignment":"center","color":"#000000"}},{"cutout":0,"roundness":0,"bbox":{"x":736,"y":212,"width":120.83203125,"height":74.656005859375,"rotation":0,"padding":0,"scale":{"x":1,"y":1},"units":"userSpaceOnUse"},"id":"46ef401b-a93c-4884-8434-d9da8232096c","idx":12,"pointerId":"you_66127","seed":1526435939,"type":"rectangle","fill":{"type":"color","method":"fill","blend":"normal","enabled":true,"opacity":1,"color":"#ffffff"},"stroke":{"type":"color","method":"stroke","blend":"normal","enabled":true,"opacity":1,"lineDash":"none","lineDashOffset":0,"lineCap":"round","lineJoin":"miter","lineWidth":2,"miterLimit":4,"alignment":"center","color":"#000000"}},{"cutout":0,"roundness":0,"bbox":{"x":734,"y":305,"width":132.68292236328125,"height":81.71499633789062,"rotation":0,"padding":0,"scale":{"x":1,"y":1},"units":"userSpaceOnUse"},"id":"caddbf77-9a8d-4a7e-ace7-e9653b159321","idx":13,"pointerId":"you_66128","seed":1577402747,"type":"rectangle","fill":{"type":"color","method":"fill","blend":"normal","enabled":true,"opacity":1,"color":"#ffffff"},"stroke":{"type":"color","method":"stroke","blend":"normal","enabled":true,"opacity":1,"lineDash":"none","lineDashOffset":0,"lineCap":"round","lineJoin":"miter","lineWidth":2,"miterLimit":4,"alignment":"center","color":"#000000"}},{"cutout":0,"roundness":0,"bbox":{"x":735.0120239257812,"y":404.593994140625,"width":119.78900146484375,"height":63.863006591796875,"rotation":0,"padding":0,"scale":{"x":1,"y":1},"units":"userSpaceOnUse"},"id":"a8a2945b-8939-4548-8993-6d4b2f758629","idx":14,"pointerId":"you_66129","seed":150756013,"type":"rectangle","fill":{"type":"color","method":"fill","blend":"normal","enabled":true,"opacity":1,"color":"#ffffff"},"stroke":{"type":"color","method":"stroke","blend":"normal","enabled":true,"opacity":1,"lineDash":"none","lineDashOffset":0,"lineCap":"round","lineJoin":"miter","lineWidth":2,"miterLimit":4,"alignment":"center","color":"#000000"}},{"cutout":0,"roundness":0,"bbox":{"x":572.125,"y":406.5119934082031,"width":116.5780029296875,"height":59.13299560546875,"rotation":0,"padding":0,"scale":{"x":1,"y":1},"units":"userSpaceOnUse"},"id":"213f5fbd-292b-4bd2-a649-702caae9bf8a","idx":15,"pointerId":"you_66130","seed":1216118538,"type":"rectangle","fill":{"type":"color","method":"fill","blend":"normal","enabled":true,"opacity":1,"color":"#ffffff"},"stroke":{"type":"color","method":"stroke","blend":"normal","enabled":true,"opacity":1,"lineDash":"none","lineDashOffset":0,"lineCap":"round","lineJoin":"miter","lineWidth":2,"miterLimit":4,"alignment":"center","color":"#000000"}},{"cutout":0,"roundness":0,"bbox":{"x":331.593994140625,"y":403.4530029296875,"width":140.74200439453125,"height":60.996002197265625,"rotation":0,"padding":0,"scale":{"x":1,"y":1},"units":"userSpaceOnUse"},"id":"da12c3b9-ae09-4398-8692-8a26eab8056a","idx":16,"pointerId":"you_66131","seed":1717255664,"type":"rectangle","fill":{"type":"color","method":"fill","blend":"normal","enabled":true,"opacity":1,"color":"#ffffff"},"stroke":{"type":"color","method":"stroke","blend":"normal","enabled":true,"opacity":1,"lineDash":"none","lineDashOffset":0,"lineCap":"round","lineJoin":"miter","lineWidth":2,"miterLimit":4,"alignment":"center","color":"#000000"}},{"content":"Home","fitText":true,"fontFamily":"chewy","fontSize":51,"fontStyle":"normal","fontVariant":"normal","fontWeight":"normal","letterSpacing":0,"lineHeight":1,"textAlign":"center","textDecoration":"none","textTransform":"none","whiteSpace":"pre-wrap","wordSpacing":0,"bbox":{"x":200,"y":212,"width":152.65140556293488,"height":58.6113532225176,"rotation":0,"padding":0,"scale":{"x":1,"y":1},"units":"userSpaceOnUse"},"blend":"normal","id":"04764bd4-1d98-4046-988a-f4b75ac6a929","idx":17,"pointerId":"you_66133","seed":1132400156,"type":"fancyText","fill":{"type":"color","method":"fill","blend":"normal","enabled":true,"opacity":1,"color":"#000000"},"stroke":{"type":"color","method":"stroke","blend":"normal","enabled":false,"opacity":1,"lineDash":"none","lineDashOffset":0,"lineCap":"round","lineJoin":"miter","lineWidth":1,"miterLimit":4,"alignment":"center","color":"#ff0000"}},{"content":"Goals","fitText":true,"fontFamily":"chewy","fontSize":41,"fontStyle":"normal","fontVariant":"normal","fontWeight":"normal","letterSpacing":0,"lineHeight":1,"textAlign":"center","textDecoration":"none","textTransform":"none","whiteSpace":"pre-wrap","wordSpacing":0,"bbox":{"x":755,"y":232,"width":83.44604381803961,"height":50.8003742134243,"rotation":0,"padding":0,"scale":{"x":1,"y":1},"units":"userSpaceOnUse"},"blend":"normal","id":"0b2ca57f-9103-4154-85e5-e442b4401c7d","idx":18,"pointerId":"you_66137","seed":869989716,"type":"fancyText","fill":{"type":"color","method":"fill","blend":"normal","enabled":true,"opacity":1,"color":"#000000"},"stroke":{"type":"color","method":"stroke","blend":"normal","enabled":false,"opacity":1,"lineDash":"none","lineDashOffset":0,"lineCap":"round","lineJoin":"miter","lineWidth":1,"miterLimit":4,"alignment":"center","color":"#ff0000"}},{"content":"Enter Workout","fitText":true,"fontFamily":"chewy","fontSize":22,"fontStyle":"normal","fontVariant":"normal","fontWeight":"normal","letterSpacing":0,"lineHeight":1,"textAlign":"center","textDecoration":"none","textTransform":"none","whiteSpace":"pre-wrap","wordSpacing":0,"bbox":{"x":739,"y":334,"width":127.59253063816193,"height":37.49179200798144,"rotation":0,"padding":0,"scale":{"x":1,"y":1},"units":"userSpaceOnUse"},"blend":"normal","id":"b988ddce-eb30-4bef-b791-edf733d2751c","idx":19,"pointerId":"you_66141","seed":1361519511,"type":"fancyText","fill":{"type":"color","method":"fill","blend":"normal","enabled":true,"opacity":1,"color":"#000000"},"stroke":{"type":"color","method":"stroke","blend":"normal","enabled":false,"opacity":1,"lineDash":"none","lineDashOffset":0,"lineCap":"round","lineJoin":"miter","lineWidth":1,"miterLimit":4,"alignment":"center","color":"#ff0000"}},{"content":"Team","fitText":true,"fontFamily":"chewy","fontSize":50.875,"fontStyle":"normal","fontVariant":"normal","fontWeight":"normal","letterSpacing":0,"lineHeight":1,"textAlign":"center","textDecoration":"none","textTransform":"none","whiteSpace":"pre-wrap","wordSpacing":0,"bbox":{"x":696,"y":411,"width":200.95089363211596,"height":57.43509995075862,"rotation":0,"padding":0,"scale":{"x":1,"y":1},"units":"userSpaceOnUse"},"blend":"normal","id":"20c0a956-94f3-4f82-8522-25abdc35e9e8","idx":20,"pointerId":"you_66145","seed":641559133,"type":"fancyText","fill":{"type":"color","method":"fill","blend":"normal","enabled":true,"opacity":1,"color":"#000000"},"stroke":{"type":"color","method":"stroke","blend":"normal","enabled":false,"opacity":1,"lineDash":"none","lineDashOffset":0,"lineCap":"round","lineJoin":"miter","lineWidth":1,"miterLimit":4,"alignment":"center","color":"#ff0000"}},{"content":"Requests","fitText":true,"fontFamily":"chewy","fontSize":25,"fontStyle":"normal","fontVariant":"normal","fontWeight":"normal","letterSpacing":0,"lineHeight":1,"textAlign":"center","textDecoration":"none","textTransform":"none","whiteSpace":"pre-wrap","wordSpacing":0,"bbox":{"x":585,"y":420,"width":88.3796796469464,"height":48.70190480062662,"rotation":0,"padding":0,"scale":{"x":1,"y":1},"units":"userSpaceOnUse"},"blend":"normal","id":"e45e9216-ba01-4f64-8653-856ec82585bd","idx":21,"pointerId":"you_66149","seed":1347790798,"type":"fancyText","fill":{"type":"color","method":"fill","blend":"normal","enabled":true,"opacity":1,"color":"#000000"},"stroke":{"type":"color","method":"stroke","blend":"normal","enabled":false,"opacity":1,"lineDash":"none","lineDashOffset":0,"lineCap":"round","lineJoin":"miter","lineWidth":1,"miterLimit":4,"alignment":"center","color":"#ff0000"}},{"content":"Recent Activity","fitText":true,"fontFamily":"chewy","fontSize":16.875,"fontStyle":"normal","fontVariant":"normal","fontWeight":"normal","letterSpacing":0,"lineHeight":1,"textAlign":"center","textDecoration":"none","textTransform":"none","whiteSpace":"pre-wrap","wordSpacing":0,"bbox":{"x":348,"y":422,"width":103.33225728844869,"height":33.14119297941829,"rotation":0,"padding":0,"scale":{"x":1,"y":1},"units":"userSpaceOnUse"},"blend":"normal","id":"5f86304b-81cb-4662-bb62-c94a3e514a51","idx":22,"pointerId":"you_66154","seed":2049799491,"type":"fancyText","fill":{"type":"color","method":"fill","blend":"normal","enabled":true,"opacity":1,"color":"#000000"},"stroke":{"type":"color","method":"stroke","blend":"normal","enabled":false,"opacity":1,"lineDash":"none","lineDashOffset":0,"lineCap":"round","lineJoin":"miter","lineWidth":1,"miterLimit":4,"alignment":"center","color":"#ff0000"}},{"data":[{"cmd":"M","x":0,"y":0},{"cmd":"L","x":386.02,"y":10.02}],"pathHash":3548882520,"iteration":1,"bbox":{"x":346,"y":243,"width":388,"height":12,"rotation":0,"padding":1,"scale":{"x":1,"y":1},"units":"userSpaceOnUse"},"id":"a82616c7-1cc5-433a-9269-29545e1cc3b2","idx":23,"pointerId":"you_65642","seed":1,"type":"polyline","fill":{"type":"gradient","method":"fill","blend":"normal","enabled":false,"opacity":0,"gradient":{"type":"linearGradient","noise":0,"spreadMethod":"pad","stops":[{"color":"#b5bdc8","offset":0},{"color":"#6e7881","offset":0.5},{"color":"#28343b","offset":1}],"x0":0,"y0":0.5,"x1":1,"y1":0.5}},"stroke":{"type":"color","method":"stroke","blend":"normal","enabled":true,"opacity":1,"lineDash":"none","lineDashOffset":0,"lineCap":"round","lineJoin":"miter","lineWidth":1,"miterLimit":4,"alignment":"center","color":"#000000"}},{"data":[{"cmd":"M","x":387,"y":92},{"cmd":"L","x":0.02,"y":0.02}],"pathHash":2494062323,"iteration":1,"bbox":{"x":347,"y":257,"width":389,"height":94,"rotation":0,"padding":1,"scale":{"x":1,"y":1},"units":"userSpaceOnUse"},"id":"c9c4ab30-ac91-4391-abed-16129819d0cc","idx":24,"pointerId":"you_66196","seed":1,"type":"polyline","fill":{"type":"gradient","method":"fill","blend":"normal","enabled":false,"opacity":0,"gradient":{"type":"linearGradient","noise":0,"spreadMethod":"pad","stops":[{"color":"#b5bdc8","offset":0},{"color":"#6e7881","offset":0.5},{"color":"#28343b","offset":1}],"x0":0,"y0":0.5,"x1":1,"y1":0.5}},"stroke":{"type":"color","method":"stroke","blend":"normal","enabled":true,"opacity":1,"lineDash":"none","lineDashOffset":0,"lineCap":"round","lineJoin":"miter","lineWidth":1,"miterLimit":4,"alignment":"center","color":"#000000"}},{"data":[{"cmd":"M","x":270,"y":130},{"cmd":"L","x":0.02,"y":0.02}],"pathHash":1956127651,"iteration":1,"bbox":{"x":336,"y":272,"width":272,"height":132,"rotation":0,"padding":1,"scale":{"x":1,"y":1},"units":"userSpaceOnUse"},"id":"3660f5b0-4f26-4794-8bc0-028b393fcceb","idx":25,"pointerId":"you_66198","seed":1,"type":"polyline","fill":{"type":"gradient","method":"fill","blend":"normal","enabled":false,"opacity":0,"gradient":{"type":"linearGradient","noise":0,"spreadMethod":"pad","stops":[{"color":"#b5bdc8","offset":0},{"color":"#6e7881","offset":0.5},{"color":"#28343b","offset":1}],"x0":0,"y0":0.5,"x1":1,"y1":0.5}},"stroke":{"type":"color","method":"stroke","blend":"normal","enabled":true,"opacity":1,"lineDash":"none","lineDashOffset":0,"lineCap":"round","lineJoin":"miter","lineWidth":1,"miterLimit":4,"alignment":"center","color":"#000000"}},{"data":[{"cmd":"M","x":97,"y":129},{"cmd":"L","x":0.02,"y":0.02}],"pathHash":3488975344,"iteration":1,"bbox":{"x":290,"y":273,"width":99,"height":131,"rotation":0,"padding":1,"scale":{"x":1,"y":1},"units":"userSpaceOnUse"},"id":"3565f676-05b5-4583-802f-d7ff9e2ff796","idx":26,"pointerId":"you_66200","seed":1,"type":"polyline","fill":{"type":"gradient","method":"fill","blend":"normal","enabled":false,"opacity":0,"gradient":{"type":"linearGradient","noise":0,"spreadMethod":"pad","stops":[{"color":"#b5bdc8","offset":0},{"color":"#6e7881","offset":0.5},{"color":"#28343b","offset":1}],"x0":0,"y0":0.5,"x1":1,"y1":0.5}},"stroke":{"type":"color","method":"stroke","blend":"normal","enabled":true,"opacity":1,"lineDash":"none","lineDashOffset":0,"lineCap":"round","lineJoin":"miter","lineWidth":1,"miterLimit":4,"alignment":"center","color":"#000000"}},{"curved":false,"data":[{"cmd":"M","x":0,"y":0},{"cmd":"L","x":42,"y":0}],"pathHash":2882494994,"diameter":35,"iteration":1,"bbox":{"x":279,"y":115,"width":80.00999999999999,"height":38.00999999999999,"rotation":1.5469913006098266,"padding":19,"scale":{"x":1,"y":1},"units":"userSpaceOnUse"},"id":"e764fae1-476a-4d2b-b29f-d5259345f4c8","idx":27,"pointerId":"you_66212","seed":1887961946,"type":"arrow","fill":{"type":"gradient","method":"fill","blend":"normal","enabled":true,"opacity":0,"gradient":{"type":"linearGradient","noise":0,"spreadMethod":"pad","stops":[{"color":"#b5bdc8","offset":0},{"color":"#6e7881","offset":0.5},{"color":"#28343b","offset":1}],"x0":0,"y0":0.5,"x1":1,"y1":0.5}},"stroke":{"type":"color","method":"stroke","blend":"normal","enabled":true,"opacity":1,"lineDash":"none","lineDashOffset":0,"lineCap":"round","lineJoin":"miter","lineWidth":1,"miterLimit":4,"alignment":"center","color":"#000000"}},{"curved":false,"data":[{"cmd":"M","x":0,"y":0},{"cmd":"L","x":207,"y":0}],"pathHash":625607937,"diameter":35,"iteration":1,"bbox":{"x":547,"y":209,"width":245.01,"height":38.00999999999999,"rotation":-2.9024755880432243,"padding":19,"scale":{"x":1,"y":1},"units":"userSpaceOnUse"},"id":"7b07ffd9-72fa-4aac-9e2f-2c0010025f91","idx":28,"pointerId":"you_66213","seed":1940444301,"type":"arrow","fill":{"type":"gradient","method":"fill","blend":"normal","enabled":true,"opacity":0,"gradient":{"type":"linearGradient","noise":0,"spreadMethod":"pad","stops":[{"color":"#b5bdc8","offset":0},{"color":"#6e7881","offset":0.5},{"color":"#28343b","offset":1}],"x0":0,"y0":0.5,"x1":1,"y1":0.5}},"stroke":{"type":"color","method":"stroke","blend":"normal","enabled":true,"opacity":1,"lineDash":"none","lineDashOffset":0,"lineCap":"round","lineJoin":"miter","lineWidth":1,"miterLimit":4,"alignment":"center","color":"#000000"}},{"content":"Logout","fitText":true,"fontFamily":"chewy","fontSize":19.875,"fontStyle":"normal","fontVariant":"normal","fontWeight":"normal","letterSpacing":0,"lineHeight":1,"textAlign":"center","textDecoration":"none","textTransform":"none","whiteSpace":"pre-wrap","wordSpacing":0,"bbox":{"x":570.4920043945312,"y":188.55499267578125,"width":55.29748742213427,"height":25.38228665553394,"rotation":0,"padding":0,"scale":{"x":1,"y":1},"units":"userSpaceOnUse"},"blend":"normal","id":"f7eb7dc6-9a54-4aa0-a8c9-bbccf8cd3b6d","idx":29,"pointerId":"you_66215","seed":1771815239,"type":"fancyText","fill":{"type":"color","method":"fill","blend":"normal","enabled":true,"opacity":1,"color":"#000000"},"stroke":{"type":"color","method":"stroke","blend":"normal","enabled":false,"opacity":1,"lineDash":"none","lineDashOffset":0,"lineCap":"round","lineJoin":"miter","lineWidth":1,"miterLimit":4,"alignment":"center","color":"#ff0000"}},{"cutout":0,"roundness":0,"bbox":{"x":787.6019897460938,"y":46.19500732421875,"width":176.34698486328125,"height":81.23899841308594,"rotation":0,"padding":0,"scale":{"x":1,"y":1},"units":"userSpaceOnUse"},"id":"0a9ec029-05ca-4359-ac3b-850b2abd15c4","idx":30,"pointerId":"you_66220","seed":1058977342,"type":"rectangle","fill":{"type":"color","method":"fill","blend":"normal","enabled":true,"opacity":1,"color":"#ffffff"},"stroke":{"type":"color","method":"stroke","blend":"normal","enabled":true,"opacity":1,"lineDash":"none","lineDashOffset":0,"lineCap":"round","lineJoin":"miter","lineWidth":2,"miterLimit":4,"alignment":"center","color":"#000000"}},{"content":"Account","fitText":true,"fontFamily":"chewy","fontSize":36,"fontStyle":"normal","fontVariant":"normal","fontWeight":"normal","letterSpacing":0,"lineHeight":1,"textAlign":"center","textDecoration":"none","textTransform":"none","whiteSpace":"pre-wrap","wordSpacing":0,"bbox":{"x":817,"y":64,"width":116.58661937421957,"height":53.83699538797142,"rotation":0,"padding":0,"scale":{"x":1,"y":1},"units":"userSpaceOnUse"},"blend":"normal","id":"03418922-bda1-441f-8d88-0b53b4e485e1","idx":31,"pointerId":"you_66222","seed":1944487926,"type":"fancyText","fill":{"type":"color","method":"fill","blend":"normal","enabled":true,"opacity":1,"color":"#000000"},"stroke":{"type":"color","method":"stroke","blend":"normal","enabled":false,"opacity":1,"lineDash":"none","lineDashOffset":0,"lineCap":"round","lineJoin":"miter","lineWidth":1,"miterLimit":4,"alignment":"center","color":"#ff0000"}},{"curved":false,"data":[{"cmd":"M","x":0,"y":0},{"cmd":"L","x":66,"y":0}],"pathHash":2338842004,"diameter":35,"iteration":1,"bbox":{"x":699,"y":179,"width":104.00999999999999,"height":38.00999999999999,"rotation":-0.6045985900934768,"padding":19,"scale":{"x":1,"y":1},"units":"userSpaceOnUse"},"id":"a7a61931-35a7-4b4c-bfdc-1fbd9eeea7e2","idx":32,"pointerId":"you_66230","seed":1197861086,"type":"arrow","fill":{"type":"gradient","method":"fill","blend":"normal","enabled":true,"opacity":0,"gradient":{"type":"linearGradient","noise":0,"spreadMethod":"pad","stops":[{"color":"#b5bdc8","offset":0},{"color":"#6e7881","offset":0.5},{"color":"#28343b","offset":1}],"x0":0,"y0":0.5,"x1":1,"y1":0.5}},"stroke":{"type":"color","method":"stroke","blend":"normal","enabled":true,"opacity":1,"lineDash":"none","lineDashOffset":0,"lineCap":"round","lineJoin":"miter","lineWidth":1,"miterLimit":4,"alignment":"center","color":"#000000"}},{"curved":false,"data":[{"cmd":"M","x":0,"y":0},{"cmd":"L","x":46,"y":0}],"pathHash":1341173654,"diameter":35,"iteration":1,"bbox":{"x":880,"y":137,"width":84.00999999999999,"height":38.00999999999999,"rotation":2.152701444934782,"padding":19,"scale":{"x":1,"y":1},"units":"userSpaceOnUse"},"id":"8e43f616-c94c-46c4-b834-fc6a2918b5bd","idx":33,"pointerId":"you_66231","seed":422918155,"type":"arrow","fill":{"type":"gradient","method":"fill","blend":"normal","enabled":true,"opacity":0,"gradient":{"type":"linearGradient","noise":0,"spreadMethod":"pad","stops":[{"color":"#b5bdc8","offset":0},{"color":"#6e7881","offset":0.5},{"color":"#28343b","offset":1}],"x0":0,"y0":0.5,"x1":1,"y1":0.5}},"stroke":{"type":"color","method":"stroke","blend":"normal","enabled":true,"opacity":1,"lineDash":"none","lineDashOffset":0,"lineCap":"round","lineJoin":"miter","lineWidth":1,"miterLimit":4,"alignment":"center","color":"#000000"}},{"data":[{"cmd":"M","x":383,"y":142},{"cmd":"L","x":0.02,"y":0.02}],"pathHash":3301822699,"iteration":1,"bbox":{"x":347,"y":265,"width":385,"height":144,"rotation":0,"padding":1,"scale":{"x":1,"y":1},"units":"userSpaceOnUse"},"id":"fbefcadf-46da-402d-b041-10e28d513467","idx":34,"pointerId":"you_66205","seed":1,"type":"polyline","fill":{"type":"gradient","method":"fill","blend":"normal","enabled":false,"opacity":0,"gradient":{"type":"linearGradient","noise":0,"spreadMethod":"pad","stops":[{"color":"#b5bdc8","offset":0},{"color":"#6e7881","offset":0.5},{"color":"#28343b","offset":1}],"x0":0,"y0":0.5,"x1":1,"y1":0.5}},"stroke":{"type":"color","method":"stroke","blend":"normal","enabled":true,"opacity":1,"lineDash":"none","lineDashOffset":0,"lineCap":"round","lineJoin":"miter","lineWidth":1,"miterLimit":4,"alignment":"center","color":"#000000"}},{"content":"If Coach","fitText":true,"fontFamily":"chewy","fontSize":13.875,"fontStyle":"normal","fontVariant":"normal","fontWeight":"normal","letterSpacing":0,"lineHeight":1,"textAlign":"center","textDecoration":"none","textTransform":"none","whiteSpace":"pre-wrap","wordSpacing":0,"bbox":{"x":335.1990051269531,"y":360.5119934082031,"width":47.82631781243527,"height":15.193356831770132,"rotation":0,"padding":0,"scale":{"x":1,"y":1},"units":"userSpaceOnUse"},"blend":"normal","id":"b157b660-6d53-4a55-af38-2626273496d3","idx":35,"pointerId":"you_66256","seed":863105512,"type":"fancyText","fill":{"type":"color","method":"fill","blend":"normal","enabled":true,"opacity":1,"color":"#000000"},"stroke":{"type":"color","method":"stroke","blend":"normal","enabled":false,"opacity":1,"lineDash":"none","lineDashOffset":0,"lineCap":"round","lineJoin":"miter","lineWidth":1,"miterLimit":4,"alignment":"center","color":"#ff0000"}},{"content":"If Coach","fitText":true,"fontFamily":"chewy","fontSize":12,"fontStyle":"normal","fontVariant":"normal","fontWeight":"normal","letterSpacing":0,"lineHeight":1,"textAlign":"center","textDecoration":"none","textTransform":"none","whiteSpace":"pre-wrap","wordSpacing":0,"bbox":{"x":510.91400146484375,"y":356.2380065917969,"width":40.664179427069094,"height":23.42032476748309,"rotation":0,"padding":0,"scale":{"x":1,"y":1},"units":"userSpaceOnUse"},"blend":"normal","id":"391bd393-b4bf-4ca5-b854-a58b8c26d00b","idx":36,"pointerId":"you_66260","seed":1206454948,"type":"fancyText","fill":{"type":"color","method":"fill","blend":"normal","enabled":true,"opacity":1,"color":"#000000"},"stroke":{"type":"color","method":"stroke","blend":"normal","enabled":false,"opacity":1,"lineDash":"none","lineDashOffset":0,"lineCap":"round","lineJoin":"miter","lineWidth":1,"miterLimit":4,"alignment":"center","color":"#ff0000"}},{"cutout":0,"roundness":0,"blend":"source-over","type":"rectangle","fill":{"type":"color","method":"fill","blend":"normal","enabled":true,"opacity":1,"gradient":{"type":"linearGradient","noise":0,"spreadMethod":"pad","stops":[{"color":"#b5bdc8","offset":0},{"color":"#6e7881","offset":0.5},{"color":"#28343b","offset":1}],"x0":0,"y0":0.5,"x1":1,"y1":0.5},"color":"#ffffff"},"stroke":{"type":"color","method":"stroke","blend":"normal","enabled":true,"opacity":1,"lineDash":"none","lineDashOffset":0,"lineCap":"round","lineJoin":"miter","lineWidth":2,"miterLimit":4,"alignment":"center","color":"#000000"},"bbox":{"x":941.8829956054688,"y":213.01199340820312,"width":146.4329833984375,"height":81.86700439453125,"rotation":0,"padding":0,"scale":{"x":1,"y":1},"units":"userSpaceOnUse"},"id":"32434c16-4dfa-487e-ad82-44001e6493b3","seed":659858881,"idx":37,"pointerId":"you_66519","highRes":false},{"cutout":0,"roundness":0,"blend":"source-over","type":"rectangle","fill":{"type":"color","method":"fill","blend":"normal","enabled":true,"opacity":1,"color":"#ffffff","gradient":{"type":"linearGradient","noise":0,"spreadMethod":"pad","stops":[{"color":"#b5bdc8","offset":0},{"color":"#6e7881","offset":0.5},{"color":"#28343b","offset":1}],"x0":0,"y0":0.5,"x1":1,"y1":0.5}},"stroke":{"type":"color","method":"stroke","blend":"normal","enabled":true,"opacity":1,"lineDash":"none","lineDashOffset":0,"lineCap":"round","lineJoin":"miter","lineWidth":2,"miterLimit":4,"alignment":"center","color":"#63e1ff"},"bbox":{"x":1027.2269897460938,"y":259.51600646972656,"width":1,"height":1,"rotation":0,"padding":0,"scale":{"x":1,"y":1},"units":"userSpaceOnUse"},"id":"142a02db-8871-4d25-8522-f9db2596c8c7","seed":1287760109,"idx":38,"pointerId":"you_66523"},{"content":"Goal Creation","fitText":true,"fontFamily":"chewy","fontSize":33,"fontStyle":"normal","fontVariant":"normal","fontWeight":"normal","letterSpacing":0,"lineHeight":1,"textAlign":"center","textDecoration":"none","textTransform":"none","whiteSpace":"pre-wrap","wordSpacing":0,"blend":"normal","type":"fancyText","fill":{"type":"color","method":"fill","blend":"normal","enabled":true,"opacity":1,"color":"#000000"},"stroke":{"type":"color","method":"stroke","blend":"normal","enabled":false,"opacity":1,"lineDash":"none","lineDashOffset":0,"lineCap":"round","lineJoin":"miter","lineWidth":1,"miterLimit":4,"alignment":"center","color":"#ff0000"},"bbox":{"x":942,"y":219,"width":158.6011280197886,"height":70.303310529874,"rotation":0,"padding":0,"scale":{"x":1,"y":1},"units":"userSpaceOnUse"},"id":"91dfea1f-3388-434a-b8e5-2990c8a0fd01","seed":440306012,"idx":39,"pointerId":"you_66533","highRes":false},{"iteration":1,"blend":"source-over","seed":1,"type":"polyline","fill":{"type":"gradient","method":"fill","blend":"normal","enabled":false,"opacity":0,"gradient":{"type":"linearGradient","noise":0,"spreadMethod":"pad","stops":[{"color":"#b5bdc8","offset":0},{"color":"#6e7881","offset":0.5},{"color":"#28343b","offset":1}],"x0":0,"y0":0.5,"x1":1,"y1":0.5}},"stroke":{"type":"color","method":"stroke","blend":"normal","enabled":true,"opacity":1,"lineDash":"none","lineDashOffset":0,"lineCap":"round","lineJoin":"miter","lineWidth":1,"miterLimit":4,"alignment":"center","color":"#000000"},"bbox":{"x":855,"y":252,"width":88,"height":4,"rotation":0,"padding":1,"scale":{"x":1,"y":1},"units":"userSpaceOnUse"},"id":"e2c0f2fb-0cb1-4914-bfab-1db92e26c69a","idx":40,"pointerId":"you_66388","data":[{"cmd":"M","x":0,"y":0},{"cmd":"L","x":86.01,"y":2.01}],"pathHash":3359517912}]}