{"version":"5.1.316","config":{"title":"Drawing","description":"Made with Sketchpad - https://sketch.io/sketchpad","metadata":{},"clipPath":{"enabled":true,"style":{"strokeStyle":"black","lineWidth":1}},"exportDPI":72,"exportFormat":"png","exportQuality":0.95,"units":"px","width":1245,"height":587,"pages":{"length":1,"data":[{"width":1245,"height":587}]}},"resources":[{"id":10466,"type":["font"],"key":"chewy","title":"Chewy","value":{"normal 400":{"ttf":"https://asset.paintserver.com/90b1339b9cf81ecef9991d293584a812.ttf","woff":"https://asset.paintserver.com/623ce167e9da6c819d2f199f5939b236.woff","style":"normal","woff2":"https://asset.paintserver.com/0b5da8a6ce3aa06379e607b793bcf01b.woff2","weight":"400"}},"preview":{"normal 400":{"url":"https://asset.paintserver.com/chewy-regular.png","width":170,"height":80}},"variants":["normal 400"],"author":[{"bio":null,"name":"Sideshow","email":"c","filename":["Chewy-Regular.ttf"],"imageUrl":null,"copyright":"Copyright 2010 by Font Diner, Inc DBA Sideshow. All rights reserved."}],"defaultVariant":"normal 400"}],"layers":[{"name":"background","type":"rectangle","clampToDoc":true,"selectable":false,"stickTo":"back","stretchTo":"edge","fill":{"type":"color","method":"fill","blend":"normal","enabled":true,"opacity":1,"color":"#ffffff"},"bbox":{"x":0,"y":0,"width":1245,"height":587,"rotation":0,"padding":0,"scale":{"x":1,"y":1},"units":"userSpaceOnUse"},"id":"cada5556-724a-48b4-a92d-6a03e9610b5e","seed":246435957,"idx":0},{"iteration":1,"blend":"source-over","seed":1,"type":"polyline","fill":{"type":"gradient","method":"fill","blend":"normal","enabled":false,"opacity":0,"gradient":{"type":"linearGradient","noise":0,"spreadMethod":"pad","stops":[{"color":"#b5bdc8","offset":0},{"color":"#6e7881","offset":0.5},{"color":"#28343b","offset":1}],"x0":0,"y0":0.5,"x1":1,"y1":0.5},"color":"#000000"},"stroke":{"type":"color","method":"stroke","blend":"normal","enabled":true,"opacity":1,"lineDash":"none","lineDashOffset":0,"lineCap":"round","lineJoin":"miter","lineWidth":1,"miterLimit":4,"alignment":"center","color":"#000000","gradient":{"type":"linearGradient","noise":0,"spreadMethod":"pad","stops":[{"color":"#5b2600","offset":0},{"color":"#8b5600","offset":0.5},{"color":"#bb8600","offset":1}],"x0":0,"y0":0.5,"x1":1,"y1":0.5}},"bbox":{"x":98,"y":83,"width":1037,"height":411,"rotation":0,"padding":1,"scale":{"x":1,"y":1},"units":"userSpaceOnUse"},"id":"e5ca8537-fa93-4ed0-b673-ff464c45b4a2","idx":1,"pointerId":"you_65617","data":[{"cmd":"M","x":1,"y":0},{"cmd":"L","x":1,"y":286},{"cmd":"L","x":0,"y":408},{"cmd":"L","x":808,"y":406},{"cmd":"L","x":1035,"y":409},{"cmd":"L","x":1034,"y":95}],"pathHash":659869718},{"iteration":1,"blend":"source-over","seed":1,"type":"polyline","fill":{"type":"gradient","method":"fill","blend":"normal","enabled":false,"opacity":0,"gradient":{"type":"linearGradient","noise":0,"spreadMethod":"pad","stops":[{"color":"#b5bdc8","offset":0},{"color":"#6e7881","offset":0.5},{"color":"#28343b","offset":1}],"x0":0,"y0":0.5,"x1":1,"y1":0.5},"color":"#000000"},"stroke":{"type":"color","method":"stroke","blend":"normal","enabled":true,"opacity":1,"lineDash":"none","lineDashOffset":0,"lineCap":"round","lineJoin":"miter","lineWidth":1,"miterLimit":4,"alignment":"center","color":"#000000","gradient":{"type":"linearGradient","noise":0,"spreadMethod":"pad","stops":[{"color":"#5b2600","offset":0},{"color":"#8b5600","offset":0.5},{"color":"#bb8600","offset":1}],"x0":0,"y0":0.5,"x1":1,"y1":0.5}},"bbox":{"x":99,"y":83,"width":1121,"height":4,"rotation":0,"padding":1,"scale":{"x":1,"y":1},"units":"userSpaceOnUse"},"id":"f210a946-aa51-4cd1-a134-52a3289bef57","idx":2,"pointerId":"you_65632","data":[{"cmd":"M","x":0,"y":2},{"cmd":"L","x":756,"y":0},{"cmd":"L","x":1119,"y":1}],"pathHash":3763585179},{"iteration":1,"blend":"source-over","seed":1,"type":"polyline","fill":{"type":"gradient","method":"fill","blend":"normal","enabled":false,"opacity":0,"gradient":{"type":"linearGradient","noise":0,"spreadMethod":"pad","stops":[{"color":"#b5bdc8","offset":0},{"color":"#6e7881","offset":0.5},{"color":"#28343b","offset":1}],"x0":0,"y0":0.5,"x1":1,"y1":0.5},"color":"#000000"},"stroke":{"type":"color","method":"stroke","blend":"normal","enabled":true,"opacity":1,"lineDash":"none","lineDashOffset":0,"lineCap":"round","lineJoin":"miter","lineWidth":1,"miterLimit":4,"alignment":"center","color":"#000000","gradient":{"type":"linearGradient","noise":0,"spreadMethod":"pad","stops":[{"color":"#5b2600","offset":0},{"color":"#8b5600","offset":0.5},{"color":"#bb8600","offset":1}],"x0":0,"y0":0.5,"x1":1,"y1":0.5}},"bbox":{"x":1131,"y":38,"width":3,"height":142,"rotation":0,"padding":1,"scale":{"x":1,"y":1},"units":"userSpaceOnUse"},"id":"e44346cb-c40d-4352-aec8-9e2a97f4f64b","idx":3,"pointerId":"you_65636","data":[{"cmd":"M","x":1,"y":140},{"cmd":"L","x":0.01,"y":0.01}],"pathHash":1577278528},{"iteration":1,"blend":"source-over","seed":1,"type":"polyline","fill":{"type":"gradient","method":"fill","blend":"normal","enabled":false,"opacity":0,"gradient":{"type":"linearGradient","noise":0,"spreadMethod":"pad","stops":[{"color":"#b5bdc8","offset":0},{"color":"#6e7881","offset":0.5},{"color":"#28343b","offset":1}],"x0":0,"y0":0.5,"x1":1,"y1":0.5},"color":"#000000"},"stroke":{"type":"color","method":"stroke","blend":"normal","enabled":true,"opacity":1,"lineDash":"none","lineDashOffset":0,"lineCap":"round","lineJoin":"miter","lineWidth":1,"miterLimit":4,"alignment":"center","color":"#000000","gradient":{"type":"linearGradient","noise":0,"spreadMethod":"pad","stops":[{"color":"#5b2600","offset":0},{"color":"#8b5600","offset":0.5},{"color":"#bb8600","offset":1}],"x0":0,"y0":0.5,"x1":1,"y1":0.5}},"bbox":{"x":666,"y":65,"width":8,"height":471,"rotation":0,"padding":1,"scale":{"x":1,"y":1},"units":"userSpaceOnUse"},"id":"b228b7c9-8728-441e-b81c-15ff53bc0aab","idx":4,"pointerId":"you_65638","data":[{"cmd":"M","x":0,"y":0},{"cmd":"L","x":6.01,"y":469.01}],"pathHash":4223740361},{"cutout":0,"roundness":0,"blend":"source-over","type":"rectangle","fill":{"type":"gradient","method":"fill","blend":"normal","enabled":true,"opacity":1,"gradient":{"type":"linearGradient","noise":0,"spreadMethod":"pad","stops":[{"color":"#b5bdc8","offset":0},{"color":"#6e7881","offset":0.5},{"color":"#28343b","offset":1}],"x0":0,"y0":0.5,"x1":1,"y1":0.5},"color":"#000000"},"stroke":{"type":"color","method":"stroke","blend":"normal","enabled":true,"opacity":1,"lineDash":"none","lineDashOffset":0,"lineCap":"round","lineJoin":"miter","lineWidth":2,"miterLimit":4,"alignment":"center","color":"black","gradient":{"type":"linearGradient","noise":0,"spreadMethod":"pad","stops":[{"color":"#5b2600","offset":0},{"color":"#8b5600","offset":0.5},{"color":"#bb8600","offset":1}],"x0":0,"y0":0.5,"x1":1,"y1":0.5}},"bbox":{"x":99,"y":85,"width":560.1489868164062,"height":89.69499206542969,"rotation":0,"padding":0,"scale":{"x":1,"y":1},"units":"userSpaceOnUse"},"id":"70ad8a36-ac1e-417f-a716-b8792d5ce4a9","seed":1986147130,"idx":5,"pointerId":"you_65657","highRes":false},{"content":"UIS","fitText":true,"fontFamily":"chewy","fontSize":87.875,"fontStyle":"normal","fontVariant":"normal","fontWeight":"normal","letterSpacing":0,"lineHeight":1,"textAlign":"center","textDecoration":"none","textTransform":"none","whiteSpace":"pre-wrap","wordSpacing":0,"blend":"normal","type":"fancyText","fill":{"type":"color","method":"fill","blend":"normal","enabled":true,"opacity":1,"color":"#000000"},"stroke":{"type":"color","method":"stroke","blend":"normal","enabled":false,"opacity":1,"lineDash":"none","lineDashOffset":0,"lineCap":"round","lineJoin":"miter","lineWidth":1,"miterLimit":4,"alignment":"center","color":"#ff0000"},"bbox":{"x":203,"y":90,"width":323.3333333333333,"height":100,"rotation":0,"padding":0,"scale":{"x":1,"y":1},"units":"userSpaceOnUse"},"id":"28aed8ea-9870-4ec1-89c8-cc60ba733282","seed":2018308978,"idx":6,"pointerId":"you_65659","highRes":false},{"cutout":0,"roundness":0,"blend":"source-over","type":"rectangle","fill":{"type":"gradient","method":"fill","blend":"normal","enabled":true,"opacity":1,"gradient":{"type":"linearGradient","noise":0,"spreadMethod":"pad","stops":[{"color":"#b5bdc8","offset":0},{"color":"#6e7881","offset":0.5},{"color":"#28343b","offset":1}],"x0":0,"y0":0.5,"x1":1,"y1":0.5},"color":"#000000"},"stroke":{"type":"color","method":"stroke","blend":"normal","enabled":true,"opacity":1,"lineDash":"none","lineDashOffset":0,"lineCap":"round","lineJoin":"miter","lineWidth":2,"miterLimit":4,"alignment":"center","color":"black","gradient":{"type":"linearGradient","noise":0,"spreadMethod":"pad","stops":[{"color":"#5b2600","offset":0},{"color":"#8b5600","offset":0.5},{"color":"#bb8600","offset":1}],"x0":0,"y0":0.5,"x1":1,"y1":0.5}},"bbox":{"x":554,"y":157,"width":42.9219970703125,"height":20.042999267578125,"rotation":0,"padding":0,"scale":{"x":1,"y":1},"units":"userSpaceOnUse"},"id":"44ee9e42-f59a-450d-8239-23069380f99e","seed":611895905,"idx":7,"pointerId":"you_65670","highRes":false},{"cutout":0,"roundness":0,"blend":"source-over","type":"rectangle","fill":{"type":"gradient","method":"fill","blend":"normal","enabled":true,"opacity":1,"gradient":{"type":"linearGradient","noise":0,"spreadMethod":"pad","stops":[{"color":"#b5bdc8","offset":0},{"color":"#6e7881","offset":0.5},{"color":"#28343b","offset":1}],"x0":0,"y0":0.5,"x1":1,"y1":0.5},"color":"#000000"},"stroke":{"type":"color","method":"stroke","blend":"normal","enabled":true,"opacity":1,"lineDash":"none","lineDashOffset":0,"lineCap":"round","lineJoin":"miter","lineWidth":2,"miterLimit":4,"alignment":"center","color":"black","gradient":{"type":"linearGradient","noise":0,"spreadMethod":"pad","stops":[{"color":"#5b2600","offset":0},{"color":"#8b5600","offset":0.5},{"color":"#bb8600","offset":1}],"x0":0,"y0":0.5,"x1":1,"y1":0.5}},"bbox":{"x":606.3359985351562,"y":158.156005859375,"width":42.2969970703125,"height":18.589996337890625,"rotation":0,"padding":0,"scale":{"x":1,"y":1},"units":"userSpaceOnUse"},"id":"a17bbcb2-9d5f-48a2-b046-ff437a813dfe","seed":1536575659,"idx":8,"pointerId":"you_65671"},{"content":"Account","fitText":true,"fontFamily":"chewy","fontSize":10,"fontStyle":"normal","fontVariant":"normal","fontWeight":"normal","letterSpacing":0,"lineHeight":1,"textAlign":"center","textDecoration":"none","textTransform":"none","whiteSpace":"pre-wrap","wordSpacing":0,"blend":"normal","type":"fancyText","fill":{"type":"color","method":"fill","blend":"normal","enabled":true,"opacity":1,"color":"#000000"},"stroke":{"type":"color","method":"stroke","blend":"normal","enabled":false,"opacity":1,"lineDash":"none","lineDashOffset":0,"lineCap":"round","lineJoin":"miter","lineWidth":1,"miterLimit":4,"alignment":"center","color":"#ff0000"},"bbox":{"x":558,"y":162,"width":34.73037237649423,"height":18.45884620503718,"rotation":0,"padding":0,"scale":{"x":1,"y":1},"units":"userSpaceOnUse"},"id":"c24baf49-09d3-4a23-9e1e-6468c6ab3b19","seed":786379999,"idx":9,"pointerId":"you_65673","highRes":false},{"content":"Logout","fitText":true,"fontFamily":"chewy","fontSize":13,"fontStyle":"normal","fontVariant":"normal","fontWeight":"normal","letterSpacing":0,"lineHeight":1,"textAlign":"center","textDecoration":"none","textTransform":"none","whiteSpace":"pre-wrap","wordSpacing":0,"blend":"normal","type":"fancyText","fill":{"type":"color","method":"fill","blend":"normal","enabled":true,"opacity":1,"color":"#000000"},"stroke":{"type":"color","method":"stroke","blend":"normal","enabled":false,"opacity":1,"lineDash":"none","lineDashOffset":0,"lineCap":"round","lineJoin":"miter","lineWidth":1,"miterLimit":4,"alignment":"center","color":"#ff0000"},"bbox":{"x":610,"y":161,"width":38.32428179593342,"height":19.42725281387748,"rotation":0,"padding":0,"scale":{"x":1,"y":1},"units":"userSpaceOnUse"},"id":"9eba10a1-ccf2-47a8-b129-253d342746af","seed":1988353034,"idx":10,"pointerId":"you_65677","highRes":false},{"cutout":0,"roundness":0,"blend":"source-over","type":"rectangle","fill":{"type":"gradient","method":"fill","blend":"normal","enabled":true,"opacity":1,"gradient":{"type":"linearGradient","noise":0,"spreadMethod":"pad","stops":[{"color":"#b5bdc8","offset":0},{"color":"#6e7881","offset":0.5},{"color":"#28343b","offset":1}],"x0":0,"y0":0.5,"x1":1,"y1":0.5},"color":"#000000"},"stroke":{"type":"color","method":"stroke","blend":"normal","enabled":true,"opacity":1,"lineDash":"none","lineDashOffset":0,"lineCap":"round","lineJoin":"miter","lineWidth":2,"miterLimit":4,"alignment":"center","color":"black","gradient":{"type":"linearGradient","noise":0,"spreadMethod":"pad","stops":[{"color":"#5b2600","offset":0},{"color":"#8b5600","offset":0.5},{"color":"#bb8600","offset":1}],"x0":0,"y0":0.5,"x1":1,"y1":0.5}},"bbox":{"x":192.0783072554489,"y":212.72698974609375,"width":156.42901611328125,"height":218.63201904296875,"rotation":0,"padding":0,"scale":{"x":0.9834511783022644,"y":1},"units":"userSpaceOnUse"},"id":"570ed6fb-a2de-4ee0-925d-0fa76fb4e107","seed":2051835117,"idx":11,"pointerId":"you_65703","highRes":false},{"cutout":0,"roundness":0,"blend":"source-over","type":"rectangle","fill":{"type":"gradient","method":"fill","blend":"normal","enabled":true,"opacity":1,"gradient":{"type":"linearGradient","noise":0,"spreadMethod":"pad","stops":[{"color":"#b5bdc8","offset":0},{"color":"#6e7881","offset":0.5},{"color":"#28343b","offset":1}],"x0":0,"y0":0.5,"x1":1,"y1":0.5},"color":"#000000"},"stroke":{"type":"color","method":"stroke","blend":"normal","enabled":true,"opacity":1,"lineDash":"none","lineDashOffset":0,"lineCap":"round","lineJoin":"miter","lineWidth":2,"miterLimit":4,"alignment":"center","color":"black","gradient":{"type":"linearGradient","noise":0,"spreadMethod":"pad","stops":[{"color":"#5b2600","offset":0},{"color":"#8b5600","offset":0.5},{"color":"#bb8600","offset":1}],"x0":0,"y0":0.5,"x1":1,"y1":0.5}},"bbox":{"x":391.96502685546875,"y":213.86700439453125,"width":157.9959716796875,"height":215.2030029296875,"rotation":0,"padding":0,"scale":{"x":1,"y":1},"units":"userSpaceOnUse"},"id":"a3de350a-a6cf-49d3-afbf-010465acf872","seed":639462300,"idx":12,"pointerId":"you_65704"},{"content":"Weekly Goals","fitText":true,"fontFamily":"chewy","fontSize":25,"fontStyle":"normal","fontVariant":"normal","fontWeight":"normal","letterSpacing":0,"lineHeight":1,"textAlign":"center","textDecoration":"none","textTransform":"none","whiteSpace":"pre-wrap","wordSpacing":0,"blend":"normal","type":"fancyText","fill":{"type":"color","method":"fill","blend":"normal","enabled":true,"opacity":1,"color":"#000000"},"stroke":{"type":"color","method":"stroke","blend":"normal","enabled":false,"opacity":1,"lineDash":"none","lineDashOffset":0,"lineCap":"round","lineJoin":"miter","lineWidth":1,"miterLimit":4,"alignment":"center","color":"#ff0000"},"bbox":{"x":203,"y":190,"width":126.17367028955836,"height":35.774982370818506,"rotation":0,"padding":0,"scale":{"x":1,"y":1},"units":"userSpaceOnUse"},"id":"a2de083b-0683-42a5-a3db-f8fe3129fe19","seed":526139718,"idx":13,"pointerId":"you_65706","highRes":false},{"content":"Progress","fitText":true,"fontFamily":"chewy","fontSize":29.875,"fontStyle":"normal","fontVariant":"normal","fontWeight":"normal","letterSpacing":0,"lineHeight":1,"textAlign":"center","textDecoration":"none","textTransform":"none","whiteSpace":"pre-wrap","wordSpacing":0,"blend":"normal","type":"fancyText","fill":{"type":"color","method":"fill","blend":"normal","enabled":true,"opacity":1,"color":"#000000"},"stroke":{"type":"color","method":"stroke","blend":"normal","enabled":false,"opacity":1,"lineDash":"none","lineDashOffset":0,"lineCap":"round","lineJoin":"miter","lineWidth":1,"miterLimit":4,"alignment":"center","color":"#ff0000"},"bbox":{"x":404,"y":190,"width":133.85985608212718,"height":33.21148637962549,"rotation":0,"padding":0,"scale":{"x":1,"y":1},"units":"userSpaceOnUse"},"id":"559c1d02-582b-43b9-88b1-d120a7bf329c","seed":1783504130,"idx":14,"pointerId":"you_65710","highRes":false},{"cutout":0,"roundness":0,"blend":"source-over","type":"rectangle","fill":{"type":"gradient","method":"fill","blend":"normal","enabled":true,"opacity":1,"gradient":{"type":"linearGradient","noise":0,"spreadMethod":"pad","stops":[{"color":"#b5bdc8","offset":0},{"color":"#6e7881","offset":0.5},{"color":"#28343b","offset":1}],"x0":0,"y0":0.5,"x1":1,"y1":0.5},"color":"#000000"},"stroke":{"type":"color","method":"stroke","blend":"normal","enabled":true,"opacity":1,"lineDash":"none","lineDashOffset":0,"lineCap":"round","lineJoin":"miter","lineWidth":2,"miterLimit":4,"alignment":"center","color":"#63e1ff","gradient":{"type":"linearGradient","noise":0,"spreadMethod":"pad","stops":[{"color":"#5b2600","offset":0},{"color":"#8b5600","offset":0.5},{"color":"#bb8600","offset":1}],"x0":0,"y0":0.5,"x1":1,"y1":0.5}},"bbox":{"x":193.12547627264834,"y":212.19100952148438,"width":149.64498901367188,"height":79.37899780273438,"rotation":0,"padding":0,"scale":{"x":1.0393938623011958,"y":1},"units":"userSpaceOnUse"},"id":"82e64eb0-4ae6-40d8-a0d7-4408aa7beba5","seed":62743652,"idx":15,"pointerId":"you_65732","highRes":false},{"cutout":0,"roundness":0,"blend":"source-over","type":"rectangle","fill":{"type":"gradient","method":"fill","blend":"normal","enabled":true,"opacity":1,"gradient":{"type":"linearGradient","noise":0,"spreadMethod":"pad","stops":[{"color":"#b5bdc8","offset":0},{"color":"#6e7881","offset":0.5},{"color":"#28343b","offset":1}],"x0":0,"y0":0.5,"x1":1,"y1":0.5},"color":"#000000"},"stroke":{"type":"color","method":"stroke","blend":"normal","enabled":true,"opacity":1,"lineDash":"none","lineDashOffset":0,"lineCap":"round","lineJoin":"miter","lineWidth":2,"miterLimit":4,"alignment":"center","color":"#63e1ff","gradient":{"type":"linearGradient","noise":0,"spreadMethod":"pad","stops":[{"color":"#5b2600","offset":0},{"color":"#8b5600","offset":0.5},{"color":"#bb8600","offset":1}],"x0":0,"y0":0.5,"x1":1,"y1":0.5}},"bbox":{"x":191.7986882682056,"y":293.85198974609375,"width":149.59799194335938,"height":73.24600219726562,"rotation":0,"padding":0,"scale":{"x":1.0317137345076723,"y":1},"units":"userSpaceOnUse"},"id":"8747890a-e31e-44d8-bc63-c3fa16b520ec","seed":1830272187,"idx":16,"pointerId":"you_65733","highRes":false},{"cutout":0,"roundness":0,"blend":"source-over","type":"rectangle","fill":{"type":"gradient","method":"fill","blend":"normal","enabled":true,"opacity":1,"gradient":{"type":"linearGradient","noise":0,"spreadMethod":"pad","stops":[{"color":"#b5bdc8","offset":0},{"color":"#6e7881","offset":0.5},{"color":"#28343b","offset":1}],"x0":0,"y0":0.5,"x1":1,"y1":0.5},"color":"#000000"},"stroke":{"type":"color","method":"stroke","blend":"normal","enabled":true,"opacity":1,"lineDash":"none","lineDashOffset":0,"lineCap":"round","lineJoin":"miter","lineWidth":2,"miterLimit":4,"alignment":"center","color":"#63e1ff","gradient":{"type":"linearGradient","noise":0,"spreadMethod":"pad","stops":[{"color":"#5b2600","offset":0},{"color":"#8b5600","offset":0.5},{"color":"#bb8600","offset":1}],"x0":0,"y0":0.5,"x1":1,"y1":0.5}},"bbox":{"x":192.25643214364877,"y":370.0979919433594,"width":148.96099853515625,"height":59.089996337890625,"rotation":0,"padding":0,"scale":{"x":1.04605616448834,"y":1},"units":"userSpaceOnUse"},"id":"a0520f21-112c-498b-aa17-5796a9dc761c","seed":1662860249,"idx":17,"pointerId":"you_65734","highRes":false},{"cutout":0,"roundness":0,"blend":"source-over","type":"rectangle","fill":{"type":"gradient","method":"fill","blend":"normal","enabled":true,"opacity":1,"gradient":{"type":"linearGradient","noise":0,"spreadMethod":"pad","stops":[{"color":"#b5bdc8","offset":0},{"color":"#6e7881","offset":0.5},{"color":"#28343b","offset":1}],"x0":0,"y0":0.5,"x1":1,"y1":0.5},"color":"#000000"},"stroke":{"type":"color","method":"stroke","blend":"normal","enabled":true,"opacity":1,"lineDash":"none","lineDashOffset":0,"lineCap":"round","lineJoin":"miter","lineWidth":2,"miterLimit":4,"alignment":"center","color":"#b6e565","gradient":{"type":"linearGradient","noise":0,"spreadMethod":"pad","stops":[{"color":"#5b2600","offset":0},{"color":"#8b5600","offset":0.5},{"color":"#bb8600","offset":1}],"x0":0,"y0":0.5,"x1":1,"y1":0.5}},"bbox":{"x":393.14319572585316,"y":215.92599487304688,"width":145.8790283203125,"height":77.35101318359375,"rotation":0,"padding":0,"scale":{"x":1.0727330056509192,"y":1.0062998709560789},"units":"userSpaceOnUse"},"id":"3fa55a15-77df-45cb-b881-9aea02fba156","seed":236156368,"idx":18,"pointerId":"you_65735","highRes":false},{"cutout":0,"roundness":0,"blend":"source-over","type":"rectangle","fill":{"type":"gradient","method":"fill","blend":"normal","enabled":true,"opacity":1,"gradient":{"type":"linearGradient","noise":0,"spreadMethod":"pad","stops":[{"color":"#b5bdc8","offset":0},{"color":"#6e7881","offset":0.5},{"color":"#28343b","offset":1}],"x0":0,"y0":0.5,"x1":1,"y1":0.5},"color":"#000000"},"stroke":{"type":"color","method":"stroke","blend":"normal","enabled":true,"opacity":1,"lineDash":"none","lineDashOffset":0,"lineCap":"round","lineJoin":"miter","lineWidth":2,"miterLimit":4,"alignment":"center","color":"#ff3737","gradient":{"type":"linearGradient","noise":0,"spreadMethod":"pad","stops":[{"color":"#5b2600","offset":0},{"color":"#8b5600","offset":0.5},{"color":"#bb8600","offset":1}],"x0":0,"y0":0.5,"x1":1,"y1":0.5}},"bbox":{"x":392.4590341695634,"y":296.4020080566406,"width":144.823974609375,"height":69.85598754882812,"rotation":0,"padding":0,"scale":{"x":1.0784341237553907,"y":1.0294516211411457},"units":"userSpaceOnUse"},"id":"ae85690c-abee-4dc6-bcc8-4d2b03fb718f","seed":1605535563,"idx":19,"pointerId":"you_65736","highRes":false},{"cutout":0,"roundness":0,"blend":"source-over","type":"rectangle","fill":{"type":"gradient","method":"fill","blend":"normal","enabled":true,"opacity":1,"gradient":{"type":"linearGradient","noise":0,"spreadMethod":"pad","stops":[{"color":"#b5bdc8","offset":0},{"color":"#6e7881","offset":0.5},{"color":"#28343b","offset":1}],"x0":0,"y0":0.5,"x1":1,"y1":0.5},"color":"#000000"},"stroke":{"type":"color","method":"stroke","blend":"normal","enabled":true,"opacity":1,"lineDash":"none","lineDashOffset":0,"lineCap":"round","lineJoin":"miter","lineWidth":2,"miterLimit":4,"alignment":"center","color":"#ff3737","gradient":{"type":"linearGradient","noise":0,"spreadMethod":"pad","stops":[{"color":"#5b2600","offset":0},{"color":"#8b5600","offset":0.5},{"color":"#bb8600","offset":1}],"x0":0,"y0":0.5,"x1":1,"y1":0.5}},"bbox":{"x":392.300298585026,"y":369.8550109863281,"width":138.78900146484375,"height":56.19598388671875,"rotation":0,"padding":0,"scale":{"x":1.1334718400499333,"y":1.1334718400499333},"units":"userSpaceOnUse"},"id":"2f7e6bb8-0f46-4bb3-a6b8-35aff5a1a2f2","seed":665668745,"idx":20,"pointerId":"you_65737","highRes":false},{"content":"Ball Handling","fitText":true,"fontFamily":"chewy","fontSize":14,"fontStyle":"normal","fontVariant":"normal","fontWeight":"normal","letterSpacing":0,"lineHeight":1,"textAlign":"center","textDecoration":"none","textTransform":"none","whiteSpace":"pre-wrap","wordSpacing":0,"blend":"normal","type":"fancyText","fill":{"type":"color","method":"fill","blend":"normal","enabled":true,"opacity":1,"color":"#000000"},"stroke":{"type":"color","method":"stroke","blend":"normal","enabled":false,"opacity":1,"lineDash":"none","lineDashOffset":0,"lineCap":"round","lineJoin":"miter","lineWidth":1,"miterLimit":4,"alignment":"center","color":"#ff0000"},"bbox":{"x":205,"y":236,"width":51.157235757499606,"height":36.389815126875924,"rotation":0,"padding":0,"scale":{"x":1,"y":1},"units":"userSpaceOnUse"},"id":"aee14a62-aca3-42c1-a127-9defe663ecd2","seed":974433505,"idx":21,"pointerId":"you_65765","highRes":false},{"content":"Midrange","fitText":true,"fontFamily":"chewy","fontSize":16,"fontStyle":"normal","fontVariant":"normal","fontWeight":"normal","letterSpacing":0,"lineHeight":1,"textAlign":"center","textDecoration":"none","textTransform":"none","whiteSpace":"pre-wrap","wordSpacing":0,"blend":"normal","type":"fancyText","fill":{"type":"color","method":"fill","blend":"normal","enabled":true,"opacity":1,"color":"#000000"},"stroke":{"type":"color","method":"stroke","blend":"normal","enabled":false,"opacity":1,"lineDash":"none","lineDashOffset":0,"lineCap":"round","lineJoin":"miter","lineWidth":1,"miterLimit":4,"alignment":"center","color":"#ff0000"},"bbox":{"x":206,"y":320,"width":63.75313600864738,"height":21.560741608097725,"rotation":0,"padding":0,"scale":{"x":1,"y":1},"units":"userSpaceOnUse"},"id":"2859ee47-50a9-48f9-8f12-9c3fc3ae526f","seed":399376003,"idx":22,"pointerId":"you_65769","highRes":false},{"content":"Threes","fitText":true,"fontFamily":"chewy","fontSize":17,"fontStyle":"normal","fontVariant":"normal","fontWeight":"normal","letterSpacing":0,"lineHeight":1,"textAlign":"center","textDecoration":"none","textTransform":"none","whiteSpace":"pre-wrap","wordSpacing":0,"blend":"normal","type":"fancyText","fill":{"type":"color","method":"fill","blend":"normal","enabled":true,"opacity":1,"color":"#000000"},"stroke":{"type":"color","method":"stroke","blend":"normal","enabled":false,"opacity":1,"lineDash":"none","lineDashOffset":0,"lineCap":"round","lineJoin":"miter","lineWidth":1,"miterLimit":4,"alignment":"center","color":"#ff0000"},"bbox":{"x":208,"y":385,"width":45.67480236456631,"height":28.410366550576793,"rotation":0,"padding":0,"scale":{"x":1,"y":1},"units":"userSpaceOnUse"},"id":"df2afa18-100d-46dd-a089-982f4236c267","seed":1793372792,"idx":23,"pointerId":"you_65774","highRes":false},{"content":"1hr","fitText":true,"fontFamily":"chewy","fontSize":28,"fontStyle":"normal","fontVariant":"normal","fontWeight":"normal","letterSpacing":0,"lineHeight":1,"textAlign":"center","textDecoration":"none","textTransform":"none","whiteSpace":"pre-wrap","wordSpacing":0,"blend":"normal","type":"fancyText","fill":{"type":"color","method":"fill","blend":"normal","enabled":true,"opacity":1,"color":"#000000"},"stroke":{"type":"color","method":"stroke","blend":"normal","enabled":false,"opacity":1,"lineDash":"none","lineDashOffset":0,"lineCap":"round","lineJoin":"miter","lineWidth":1,"miterLimit":4,"alignment":"center","color":"#ff0000"},"bbox":{"x":256,"y":238,"width":100.60697920421954,"height":31.947600624043577,"rotation":0,"padding":0,"scale":{"x":1,"y":1},"units":"userSpaceOnUse"},"id":"811106df-12ff-4609-8328-f71f7c5dcf90","seed":287114837,"idx":24,"pointerId":"you_65788","highRes":false},{"content":"2000","fitText":true,"fontFamily":"chewy","fontSize":22,"fontStyle":"normal","fontVariant":"normal","fontWeight":"normal","letterSpacing":0,"lineHeight":1,"textAlign":"center","textDecoration":"none","textTransform":"none","whiteSpace":"pre-wrap","wordSpacing":0,"blend":"normal","type":"fancyText","fill":{"type":"color","method":"fill","blend":"normal","enabled":true,"opacity":1,"color":"#000000"},"stroke":{"type":"color","method":"stroke","blend":"normal","enabled":false,"opacity":1,"lineDash":"none","lineDashOffset":0,"lineCap":"round","lineJoin":"miter","lineWidth":1,"miterLimit":4,"alignment":"center","color":"#ff0000"},"bbox":{"x":277,"y":313,"width":53.24114621618377,"height":37.59218679393135,"rotation":0,"padding":0,"scale":{"x":1,"y":1},"units":"userSpaceOnUse"},"id":"343cc975-b3a0-4c37-b8f1-dc0e4bf6d3d3","seed":448684151,"idx":25,"pointerId":"you_65791","highRes":false},{"content":"5000","fitText":true,"fontFamily":"chewy","fontSize":23.875,"fontStyle":"normal","fontVariant":"normal","fontWeight":"normal","letterSpacing":0,"lineHeight":1,"textAlign":"center","textDecoration":"none","textTransform":"none","whiteSpace":"pre-wrap","wordSpacing":0,"blend":"normal","type":"fancyText","fill":{"type":"color","method":"fill","blend":"normal","enabled":true,"opacity":1,"color":"#000000"},"stroke":{"type":"color","method":"stroke","blend":"normal","enabled":false,"opacity":1,"lineDash":"none","lineDashOffset":0,"lineCap":"round","lineJoin":"miter","lineWidth":1,"miterLimit":4,"alignment":"center","color":"#ff0000"},"bbox":{"x":273,"y":387,"width":72.86988397960587,"height":26.81473205709455,"rotation":0,"padding":0,"scale":{"x":1,"y":1},"units":"userSpaceOnUse"},"id":"df802362-31ef-4e91-b0b4-ef7a712f17ea","seed":1294016183,"idx":26,"pointerId":"you_65795","highRes":false},{"content":"1.6hr","fitText":true,"fontFamily":"chewy","fontSize":24,"fontStyle":"normal","fontVariant":"normal","fontWeight":"normal","letterSpacing":0,"lineHeight":1,"textAlign":"center","textDecoration":"none","textTransform":"none","whiteSpace":"pre-wrap","wordSpacing":0,"blend":"normal","type":"fancyText","fill":{"type":"color","method":"fill","blend":"normal","enabled":true,"opacity":1,"color":"#000000"},"stroke":{"type":"color","method":"stroke","blend":"normal","enabled":false,"opacity":1,"lineDash":"none","lineDashOffset":0,"lineCap":"round","lineJoin":"miter","lineWidth":1,"miterLimit":4,"alignment":"center","color":"#ff0000"},"bbox":{"x":405,"y":241,"width":62.45559372621074,"height":27.88211445109461,"rotation":0,"padding":0,"scale":{"x":1,"y":1},"units":"userSpaceOnUse"},"id":"65adc6a8-e230-4515-94d2-fa4cfe20473f","seed":250012076,"idx":27,"pointerId":"you_65819","highRes":false},{"content":"1000","fitText":true,"fontFamily":"chewy","fontSize":23.875,"fontStyle":"normal","fontVariant":"normal","fontWeight":"normal","letterSpacing":0,"lineHeight":1,"textAlign":"center","textDecoration":"none","textTransform":"none","whiteSpace":"pre-wrap","wordSpacing":0,"blend":"normal","type":"fancyText","fill":{"type":"color","method":"fill","blend":"normal","enabled":true,"opacity":1,"color":"#000000"},"stroke":{"type":"color","method":"stroke","blend":"normal","enabled":false,"opacity":1,"lineDash":"none","lineDashOffset":0,"lineCap":"round","lineJoin":"miter","lineWidth":1,"miterLimit":4,"alignment":"center","color":"#ff0000"},"bbox":{"x":386,"y":320,"width":87.82920002749283,"height":26.01885292990374,"rotation":0,"padding":0,"scale":{"x":1,"y":1},"units":"userSpaceOnUse"},"id":"e5443093-bd5f-4014-8299-3f0c4e3340c2","seed":1224054403,"idx":28,"pointerId":"you_65823","highRes":false},{"content":"4000","fitText":true,"fontFamily":"chewy","fontSize":26,"fontStyle":"normal","fontVariant":"normal","fontWeight":"normal","letterSpacing":0,"lineHeight":1,"textAlign":"center","textDecoration":"none","textTransform":"none","whiteSpace":"pre-wrap","wordSpacing":0,"blend":"normal","type":"fancyText","fill":{"type":"color","method":"fill","blend":"normal","enabled":true,"opacity":1,"color":"#000000"},"stroke":{"type":"color","method":"stroke","blend":"normal","enabled":false,"opacity":1,"lineDash":"none","lineDashOffset":0,"lineCap":"round","lineJoin":"miter","lineWidth":1,"miterLimit":4,"alignment":"center","color":"#ff0000"},"bbox":{"x":392,"y":385,"width":84.51602975724902,"height":29.412554616364247,"rotation":0,"padding":0,"scale":{"x":1,"y":1},"units":"userSpaceOnUse"},"id":"b609168f-d356-4bc5-a087-27eba00a834b","seed":376488493,"idx":29,"pointerId":"you_65827","highRes":false},{"content":"Complete","fitText":true,"fontFamily":"chewy","fontSize":18,"fontStyle":"normal","fontVariant":"normal","fontWeight":"normal","letterSpacing":0,"lineHeight":1,"textAlign":"center","textDecoration":"none","textTransform":"none","whiteSpace":"pre-wrap","wordSpacing":0,"blend":"normal","type":"fancyText","fill":{"type":"color","method":"fill","blend":"normal","enabled":true,"opacity":1,"color":"#000000"},"stroke":{"type":"color","method":"stroke","blend":"normal","enabled":false,"opacity":1,"lineDash":"none","lineDashOffset":0,"lineCap":"round","lineJoin":"miter","lineWidth":1,"miterLimit":4,"alignment":"center","color":"#ff0000"},"bbox":{"x":470,"y":244,"width":66.04630244145238,"height":20.910685076586404,"rotation":0,"padding":0,"scale":{"x":1,"y":1},"units":"userSpaceOnUse"},"id":"569e6fa8-c247-4cf2-a029-ab5798634bf7","seed":1079611318,"idx":30,"pointerId":"you_65844","highRes":false},{"content":"Not Complete","fitText":true,"fontFamily":"chewy","fontSize":14,"fontStyle":"normal","fontVariant":"normal","fontWeight":"normal","letterSpacing":0,"lineHeight":1,"textAlign":"center","textDecoration":"none","textTransform":"none","whiteSpace":"pre-wrap","wordSpacing":0,"blend":"normal","type":"fancyText","fill":{"type":"color","method":"fill","blend":"normal","enabled":true,"opacity":1,"color":"#000000"},"stroke":{"type":"color","method":"stroke","blend":"normal","enabled":false,"opacity":1,"lineDash":"none","lineDashOffset":0,"lineCap":"round","lineJoin":"miter","lineWidth":1,"miterLimit":4,"alignment":"center","color":"#ff0000"},"bbox":{"x":461,"y":323,"width":75.25112391231073,"height":18.401749476729748,"rotation":0,"padding":0,"scale":{"x":1,"y":1},"units":"userSpaceOnUse"},"id":"0f621b90-8380-4624-acda-cf7d2a40dbef","seed":138068538,"idx":31,"pointerId":"you_65848","highRes":false},{"content":"Not complete","fitText":true,"fontFamily":"chewy","fontSize":14,"fontStyle":"normal","fontVariant":"normal","fontWeight":"normal","letterSpacing":0,"lineHeight":1,"textAlign":"center","textDecoration":"none","textTransform":"none","whiteSpace":"pre-wrap","wordSpacing":0,"blend":"normal","type":"fancyText","fill":{"type":"color","method":"fill","blend":"normal","enabled":true,"opacity":1,"color":"#000000"},"stroke":{"type":"color","method":"stroke","blend":"normal","enabled":false,"opacity":1,"lineDash":"none","lineDashOffset":0,"lineCap":"round","lineJoin":"miter","lineWidth":1,"miterLimit":4,"alignment":"center","color":"#ff0000"},"bbox":{"x":463,"y":387,"width":78.88245272957694,"height":20.249997136470352,"rotation":0,"padding":0,"scale":{"x":1,"y":1},"units":"userSpaceOnUse"},"id":"bbe5dfab-a044-4ffd-af82-c82486ca389c","seed":370912890,"idx":32,"pointerId":"you_65852","highRes":false},{"content":"Player Home Screen (Logged In) (Menu Not Toggled)","fitText":true,"fontFamily":"chewy","fontSize":29.875,"fontStyle":"normal","fontVariant":"normal","fontWeight":"normal","letterSpacing":0,"lineHeight":1,"textAlign":"center","textDecoration":"none","textTransform":"none","whiteSpace":"pre-wrap","wordSpacing":0,"blend":"normal","type":"fancyText","fill":{"type":"color","method":"fill","blend":"normal","enabled":true,"opacity":1,"color":"#000000"},"stroke":{"type":"color","method":"stroke","blend":"normal","enabled":false,"opacity":1,"lineDash":"none","lineDashOffset":0,"lineCap":"round","lineJoin":"miter","lineWidth":1,"miterLimit":4,"alignment":"center","color":"#ff0000"},"bbox":{"x":125.53558077454291,"y":15,"width":524.5464652820663,"height":62.25588387622325,"rotation":0,"padding":0,"scale":{"x":1,"y":1},"units":"userSpaceOnUse"},"id":"b098d036-f01f-4147-842d-6f6aceee4b79","seed":2013654552,"idx":33,"pointerId":"you_65914","highRes":false},{"cutout":0,"roundness":0,"blend":"source-over","type":"rectangle","fill":{"type":"gradient","method":"fill","blend":"normal","enabled":true,"opacity":1,"gradient":{"type":"linearGradient","noise":0,"spreadMethod":"pad","stops":[{"color":"#b5bdc8","offset":0},{"color":"#6e7881","offset":0.5},{"color":"#28343b","offset":1}],"x0":0,"y0":0.5,"x1":1,"y1":0.5}},"stroke":{"type":"color","method":"stroke","blend":"normal","enabled":true,"opacity":1,"lineDash":"none","lineDashOffset":0,"lineCap":"round","lineJoin":"miter","lineWidth":2,"miterLimit":4,"alignment":"center","color":"#000000"},"bbox":{"x":99,"y":85,"width":82.364013671875,"height":403.50001525878906,"rotation":0,"padding":0,"scale":{"x":1,"y":1},"units":"userSpaceOnUse"},"id":"eef7a600-6e93-4581-8bd5-dac10d8daff6","seed":708369074,"idx":34,"pointerId":"you_65940","highRes":false},{"cutout":0,"blend":"source-over","type":"triangle","fill":{"type":"color","method":"fill","blend":"normal","enabled":true,"opacity":1,"gradient":{"type":"linearGradient","noise":0,"spreadMethod":"pad","stops":[{"color":"#b5bdc8","offset":0},{"color":"#6e7881","offset":0.5},{"color":"#28343b","offset":1}],"x0":0,"y0":0.5,"x1":1,"y1":0.5},"color":"#ed0909"},"stroke":{"type":"color","method":"stroke","blend":"normal","enabled":true,"opacity":1,"lineDash":"none","lineDashOffset":0,"lineCap":"round","lineJoin":"miter","lineWidth":2,"miterLimit":4,"alignment":"center","color":"#000000","gradient":{"type":"linearGradient","noise":0,"spreadMethod":"pad","stops":[{"color":"#5b2600","offset":0},{"color":"#8b5600","offset":0.5},{"color":"#bb8600","offset":1}],"x0":0,"y0":0.5,"x1":1,"y1":0.5}},"bbox":{"x":157,"y":105,"width":20.156298820395822,"height":20.156298820395822,"rotation":-1.0896636918573543,"padding":0,"scale":{"x":1,"y":1},"units":"userSpaceOnUse"},"id":"8bf8965a-c0c4-4d44-8ca6-44e9cb3f05a0","seed":2006902466,"idx":35,"pointerId":"you_65943","highRes":false},{"cutout":0,"roundness":0,"blend":"source-over","type":"rectangle","fill":{"type":"color","method":"fill","blend":"normal","enabled":true,"opacity":1,"color":"#cef28f","gradient":{"type":"linearGradient","noise":0,"spreadMethod":"pad","stops":[{"color":"#b5bdc8","offset":0},{"color":"#6e7881","offset":0.5},{"color":"#28343b","offset":1}],"x0":0,"y0":0.5,"x1":1,"y1":0.5}},"stroke":{"type":"color","method":"stroke","blend":"normal","enabled":true,"opacity":1,"lineDash":"none","lineDashOffset":0,"lineCap":"round","lineJoin":"miter","lineWidth":2,"miterLimit":4,"alignment":"center","color":"#000000","gradient":{"type":"linearGradient","noise":0,"spreadMethod":"pad","stops":[{"color":"#5b2600","offset":0},{"color":"#8b5600","offset":0.5},{"color":"#bb8600","offset":1}],"x0":0,"y0":0.5,"x1":1,"y1":0.5}},"bbox":{"x":105,"y":171,"width":70.7030029296875,"height":30.32000732421875,"rotation":0,"padding":0,"scale":{"x":1,"y":1},"units":"userSpaceOnUse"},"id":"bc8b5f06-fa2b-4b12-b931-0e77c49c83f4","seed":1803130308,"idx":36,"pointerId":"you_65953","highRes":false},{"cutout":0,"roundness":0,"blend":"source-over","type":"rectangle","fill":{"type":"color","method":"fill","blend":"normal","enabled":true,"opacity":1,"color":"#cef28f","gradient":{"type":"linearGradient","noise":0,"spreadMethod":"pad","stops":[{"color":"#b5bdc8","offset":0},{"color":"#6e7881","offset":0.5},{"color":"#28343b","offset":1}],"x0":0,"y0":0.5,"x1":1,"y1":0.5}},"stroke":{"type":"color","method":"stroke","blend":"normal","enabled":true,"opacity":1,"lineDash":"none","lineDashOffset":0,"lineCap":"round","lineJoin":"miter","lineWidth":2,"miterLimit":4,"alignment":"center","color":"#000000","gradient":{"type":"linearGradient","noise":0,"spreadMethod":"pad","stops":[{"color":"#5b2600","offset":0},{"color":"#8b5600","offset":0.5},{"color":"#bb8600","offset":1}],"x0":0,"y0":0.5,"x1":1,"y1":0.5}},"bbox":{"x":132.25799560546875,"y":187.46499633789062,"width":1,"height":1,"rotation":0,"padding":0,"scale":{"x":1,"y":1},"units":"userSpaceOnUse"},"id":"0530f0df-8817-4e65-8aff-1d231b1bfbea","seed":430709333,"idx":37,"pointerId":"you_65957"},{"cutout":0,"roundness":0,"blend":"source-over","type":"rectangle","fill":{"type":"color","method":"fill","blend":"normal","enabled":true,"opacity":1,"color":"#cef28f","gradient":{"type":"linearGradient","noise":0,"spreadMethod":"pad","stops":[{"color":"#b5bdc8","offset":0},{"color":"#6e7881","offset":0.5},{"color":"#28343b","offset":1}],"x0":0,"y0":0.5,"x1":1,"y1":0.5}},"stroke":{"type":"color","method":"stroke","blend":"normal","enabled":true,"opacity":1,"lineDash":"none","lineDashOffset":0,"lineCap":"round","lineJoin":"miter","lineWidth":2,"miterLimit":4,"alignment":"center","color":"#000000","gradient":{"type":"linearGradient","noise":0,"spreadMethod":"pad","stops":[{"color":"#5b2600","offset":0},{"color":"#8b5600","offset":0.5},{"color":"#bb8600","offset":1}],"x0":0,"y0":0.5,"x1":1,"y1":0.5}},"bbox":{"x":109.61300659179688,"y":212.42999267578125,"width":65.05499267578125,"height":30.99200439453125,"rotation":0,"padding":0,"scale":{"x":1,"y":1},"units":"userSpaceOnUse"},"id":"f451249f-edd8-49c8-b7ef-131545c89ee6","seed":2090196399,"idx":38,"pointerId":"you_65964"},{"cutout":0,"roundness":0,"blend":"source-over","type":"rectangle","fill":{"type":"color","method":"fill","blend":"normal","enabled":true,"opacity":1,"color":"#cef28f","gradient":{"type":"linearGradient","noise":0,"spreadMethod":"pad","stops":[{"color":"#b5bdc8","offset":0},{"color":"#6e7881","offset":0.5},{"color":"#28343b","offset":1}],"x0":0,"y0":0.5,"x1":1,"y1":0.5}},"stroke":{"type":"color","method":"stroke","blend":"normal","enabled":true,"opacity":1,"lineDash":"none","lineDashOffset":0,"lineCap":"round","lineJoin":"miter","lineWidth":2,"miterLimit":4,"alignment":"center","color":"#000000","gradient":{"type":"linearGradient","noise":0,"spreadMethod":"pad","stops":[{"color":"#5b2600","offset":0},{"color":"#8b5600","offset":0.5},{"color":"#bb8600","offset":1}],"x0":0,"y0":0.5,"x1":1,"y1":0.5}},"bbox":{"x":109.52700805664062,"y":257.7850036621094,"width":66.5159912109375,"height":32.82000732421875,"rotation":0,"padding":0,"scale":{"x":1,"y":1},"units":"userSpaceOnUse"},"id":"03e1f125-f258-4211-8fd0-d73832bf024c","seed":19750996,"idx":39,"pointerId":"you_65965"},{"content":"Home","fitText":true,"fontFamily":"chewy","fontSize":23.875,"fontStyle":"normal","fontVariant":"normal","fontWeight":"normal","letterSpacing":0,"lineHeight":1,"textAlign":"center","textDecoration":"none","textTransform":"none","whiteSpace":"pre-wrap","wordSpacing":0,"blend":"normal","type":"fancyText","fill":{"type":"color","method":"fill","blend":"normal","enabled":true,"opacity":1,"color":"#000000"},"stroke":{"type":"color","method":"stroke","blend":"normal","enabled":false,"opacity":1,"lineDash":"none","lineDashOffset":0,"lineCap":"round","lineJoin":"miter","lineWidth":1,"miterLimit":4,"alignment":"center","color":"#ff0000"},"bbox":{"x":115,"y":175,"width":50.16368666291329,"height":31.114272795085423,"rotation":0,"padding":0,"scale":{"x":1,"y":1},"units":"userSpaceOnUse"},"id":"fc10c92c-dfa5-490d-8525-f7c5e3f2f344","seed":1435880304,"idx":40,"pointerId":"you_65983","highRes":false},{"content":"Goals","fitText":true,"fontFamily":"chewy","fontSize":22.875,"fontStyle":"normal","fontVariant":"normal","fontWeight":"normal","letterSpacing":0,"lineHeight":1,"textAlign":"center","textDecoration":"none","textTransform":"none","whiteSpace":"pre-wrap","wordSpacing":0,"blend":"normal","type":"fancyText","fill":{"type":"color","method":"fill","blend":"normal","enabled":true,"opacity":1,"color":"#000000"},"stroke":{"type":"color","method":"stroke","blend":"normal","enabled":false,"opacity":1,"lineDash":"none","lineDashOffset":0,"lineCap":"round","lineJoin":"miter","lineWidth":1,"miterLimit":4,"alignment":"center","color":"#ff0000"},"bbox":{"x":88,"y":218,"width":108.04409064902853,"height":25.65582245343321,"rotation":0,"padding":0,"scale":{"x":1,"y":1},"units":"userSpaceOnUse"},"id":"155ae3ea-fe1a-418e-a808-d9a1f4bf17e1","seed":183532035,"idx":41,"pointerId":"you_65987","highRes":false},{"content":"Enter Workout","fitText":true,"fontFamily":"chewy","fontSize":10.875,"fontStyle":"normal","fontVariant":"normal","fontWeight":"normal","letterSpacing":0,"lineHeight":1,"textAlign":"center","textDecoration":"none","textTransform":"none","whiteSpace":"pre-wrap","wordSpacing":0,"blend":"normal","type":"fancyText","fill":{"type":"color","method":"fill","blend":"normal","enabled":true,"opacity":1,"color":"#000000"},"stroke":{"type":"color","method":"stroke","blend":"normal","enabled":false,"opacity":1,"lineDash":"none","lineDashOffset":0,"lineCap":"round","lineJoin":"miter","lineWidth":1,"miterLimit":4,"alignment":"center","color":"#ff0000"},"bbox":{"x":110,"y":269,"width":62.50948805854091,"height":18.135823024220674,"rotation":0,"padding":0,"scale":{"x":1,"y":1},"units":"userSpaceOnUse"},"id":"db4d5667-a6a6-4595-b4f3-d6f76b6d8025","seed":249677346,"idx":42,"pointerId":"you_65992","highRes":false},{"cutout":0,"roundness":0,"blend":"source-over","type":"rectangle","fill":{"type":"color","method":"fill","blend":"normal","enabled":true,"opacity":1,"gradient":{"type":"linearGradient","noise":0,"spreadMethod":"pad","stops":[{"color":"#b5bdc8","offset":0},{"color":"#6e7881","offset":0.5},{"color":"#28343b","offset":1}],"x0":0,"y0":0.5,"x1":1,"y1":0.5},"color":"#cef28f"},"stroke":{"type":"color","method":"stroke","blend":"normal","enabled":true,"opacity":1,"lineDash":"none","lineDashOffset":0,"lineCap":"round","lineJoin":"miter","lineWidth":2,"miterLimit":4,"alignment":"center","color":"#000000"},"bbox":{"x":105.93735319574934,"y":301.97698974609375,"width":57.246002197265625,"height":25.378021240234375,"rotation":0,"padding":0,"scale":{"x":1.2189872729739353,"y":1.2189872729739353},"units":"userSpaceOnUse"},"id":"143241b0-9e7d-424b-ba4f-b2db5bfa7e46","seed":2096006037,"idx":43,"pointerId":"you_66011","highRes":false},{"cutout":0,"roundness":0,"blend":"source-over","type":"rectangle","fill":{"type":"color","method":"fill","blend":"normal","enabled":true,"opacity":1,"color":"#cef28f","gradient":{"type":"linearGradient","noise":0,"spreadMethod":"pad","stops":[{"color":"#b5bdc8","offset":0},{"color":"#6e7881","offset":0.5},{"color":"#28343b","offset":1}],"x0":0,"y0":0.5,"x1":1,"y1":0.5}},"stroke":{"type":"color","method":"stroke","blend":"normal","enabled":true,"opacity":1,"lineDash":"none","lineDashOffset":0,"lineCap":"round","lineJoin":"miter","lineWidth":2,"miterLimit":4,"alignment":"center","color":"#000000"},"bbox":{"x":762.9219970703125,"y":314.6990051269531,"width":1,"height":1,"rotation":0,"padding":0,"scale":{"x":1,"y":1},"units":"userSpaceOnUse"},"id":"03e75a06-2f4a-4081-b5ff-1592a81042f0","seed":541941844,"idx":44,"pointerId":"you_66015"},{"content":"Team","fitText":true,"fontFamily":"chewy","fontSize":21.875,"fontStyle":"normal","fontVariant":"normal","fontWeight":"normal","letterSpacing":0,"lineHeight":1,"textAlign":"center","textDecoration":"none","textTransform":"none","whiteSpace":"pre-wrap","wordSpacing":0,"blend":"normal","type":"fancyText","fill":{"type":"color","method":"fill","blend":"normal","enabled":true,"opacity":1,"color":"#000000"},"stroke":{"type":"color","method":"stroke","blend":"normal","enabled":false,"opacity":1,"lineDash":"none","lineDashOffset":0,"lineCap":"round","lineJoin":"miter","lineWidth":1,"miterLimit":4,"alignment":"center","color":"#ff0000"},"bbox":{"x":98,"y":308,"width":79.66815140361923,"height":24.26586566499074,"rotation":0,"padding":0,"scale":{"x":1,"y":1},"units":"userSpaceOnUse"},"id":"5440f789-cbc0-4412-837e-793a3312025d","seed":1213715944,"idx":45,"pointerId":"you_66028","highRes":false}]}